/* =====================================================
-- Proyecto Integrador | Bases de datos

   Contribuidores:
-- Integrante 1: Cano Soto Valeria (valecanosoto@ciencias.unam.mx)
-- Integrante 2: Magaña Solís Enrique Jesús Mauro (Jesusmagana@ciencias.unam.mx)
-- Integrante 3: Martínez Mejía Ana Karina (anak.martinez@ciencias.unam.mx)
*/
-- ========================================================
-- MySQL dump 10.13  Distrib 8.0.41, for Win64 (x86_64)
--
-- Host: localhost    Database: cadena_hotelera
-- ------------------------------------------------------
-- Server version	8.0.41

/*!40101 SET @OLD_CHARACTER_SET_CLIENT=@@CHARACTER_SET_CLIENT */;
/*!40101 SET @OLD_CHARACTER_SET_RESULTS=@@CHARACTER_SET_RESULTS */;
/*!40101 SET @OLD_COLLATION_CONNECTION=@@COLLATION_CONNECTION */;
/*!50503 SET NAMES utf8mb4 */;
/*!40103 SET @OLD_TIME_ZONE=@@TIME_ZONE */;
/*!40103 SET TIME_ZONE='+00:00' */;
/*!40014 SET @OLD_UNIQUE_CHECKS=@@UNIQUE_CHECKS, UNIQUE_CHECKS=0 */;
/*!40014 SET @OLD_FOREIGN_KEY_CHECKS=@@FOREIGN_KEY_CHECKS, FOREIGN_KEY_CHECKS=0 */;
/*!40101 SET @OLD_SQL_MODE=@@SQL_MODE, SQL_MODE='NO_AUTO_VALUE_ON_ZERO' */;
/*!40111 SET @OLD_SQL_NOTES=@@SQL_NOTES, SQL_NOTES=0 */;

--
-- Current Database: `cadena_hotelera`
--

CREATE DATABASE /*!32312 IF NOT EXISTS*/ `cadena_hotelera` /*!40100 DEFAULT CHARACTER SET utf8mb4 COLLATE utf8mb4_0900_ai_ci */ /*!80016 DEFAULT ENCRYPTION='N' */;

USE `cadena_hotelera`;

--
-- Table structure for table `clientes`
--

DROP TABLE IF EXISTS `clientes`;
/*!40101 SET @saved_cs_client     = @@character_set_client */;
/*!50503 SET character_set_client = utf8mb4 */;
CREATE TABLE `clientes` (
  `id_cliente` int unsigned NOT NULL AUTO_INCREMENT,
  `nombre` varchar(50) NOT NULL,
  `apellido_paterno` varchar(50) NOT NULL,
  `apellido_materno` varchar(50) DEFAULT NULL,
  `email` varchar(100) NOT NULL,
  `telefono` varchar(15) DEFAULT NULL,
  `clave_direccion` int unsigned NOT NULL,
  `fecha_registro` date DEFAULT NULL,
  PRIMARY KEY (`id_cliente`),
  UNIQUE KEY `email` (`email`),
  UNIQUE KEY `telefono` (`telefono`),
  KEY `FK_direccion_cliente` (`clave_direccion`),
  CONSTRAINT `FK_direccion_cliente` FOREIGN KEY (`clave_direccion`) REFERENCES `direcciones` (`id_direccion`) ON UPDATE CASCADE
) ENGINE=InnoDB AUTO_INCREMENT=101 DEFAULT CHARSET=utf8mb4 COLLATE=utf8mb4_0900_ai_ci;
/*!40101 SET character_set_client = @saved_cs_client */;

--
-- Dumping data for table `clientes`
--

LOCK TABLES `clientes` WRITE;
/*!40000 ALTER TABLE `clientes` DISABLE KEYS */;
INSERT INTO `clientes` VALUES (1,'Juan','García','López','jgarcia1@example.com','5512345678',1,'2020-01-01'),(2,'María','Martínez','Sánchez','mmartinez2@example.com','5523456789',2,'2020-01-02'),(3,'Pedro','Rodríguez','Gómez','prodriguez3@example.com','5534567890',3,'2020-01-03'),(4,'Ana','Hernández','Pérez','ahernandez4@example.com','5545678901',4,'2020-01-04'),(5,'Luis','González','Ramírez','lgonzalez5@example.com','5556789012',5,'2020-01-05'),(6,'Laura','Díaz','Fernández','ldiaz6@example.com','5567890123',6,'2020-01-06'),(7,'Carlos','Vázquez','Jiménez','cvazquez7@example.com','5578901234',7,'2020-01-07'),(8,'Sofía','Castillo','Morales','scastillo8@example.com','5589012345',8,'2020-01-08'),(9,'Jorge','Ortega','Silva','jortega9@example.com','5590123456',9,'2020-01-09'),(10,'Patricia','Ruiz','Cruz','pruiz10@example.com','5501234567',10,'2020-01-10'),(11,'Ricardo','Mendoza','Reyes','rmendoza11@example.com','5512345679',11,'2020-01-11'),(12,'Gabriela','Guerrero','Ortiz','gguerrero12@example.com','5523456780',12,'2020-01-12'),(13,'Fernando','Pacheco','Navarro','fpacheco13@example.com','5534567891',13,'2020-01-13'),(14,'Adriana','Campos','Vega','acampos14@example.com','5545678902',14,'2020-01-14'),(15,'Miguel','Ríos','Méndez','mrios15@example.com','5556789013',15,'2020-01-15'),(16,'Alejandra','Soto','Cervantes','asoto16@example.com','5567890124',16,'2020-01-16'),(17,'Raúl','Delgado','Rojas','rdelgado17@example.com','5578901235',17,'2020-01-17'),(18,'Carmen','Cortés','Medina','ccortes18@example.com','5589012346',18,'2020-01-18'),(19,'Francisco','Salazar','Aguilar','fsalazar19@example.com','5590123457',19,'2020-01-19'),(20,'Daniela','Rosas','Valdez','drosas20@example.com','5501234568',20,'2020-01-20'),(21,'José','Mejía','Miranda','jmejia21@example.com','5512345680',21,'2020-01-21'),(22,'Verónica','Aguirre','Espinoza','vaguirre22@example.com','5523456781',22,'2020-01-22'),(23,'Arturo','Valencia','Galván','avalencia23@example.com','5534567892',23,'2020-01-23'),(24,'Isabel','Márquez','Velázquez','imarquez24@example.com','5545678903',24,'2020-01-24'),(25,'Oscar','Juárez','Serrano','ojuarez25@example.com','5556789014',25,'2020-01-25'),(26,'Teresa','Núñez','Lara','tnunez26@example.com','5567890125',26,'2020-01-26'),(27,'Roberto','Espinosa','Castañeda','respinoza27@example.com','5578901236',27,'2020-01-27'),(28,'Lucía','Chávez','Andrade','lchavez28@example.com','5589012347',28,'2020-01-28'),(29,'Javier','Cárdenas','Tapia','jcardenas29@example.com','5590123458',29,'2020-01-29'),(30,'Elena','Lara','Santos','elara30@example.com','5501234569',30,'2020-01-30'),(31,'Alberto','Orozco','Rivera','aorozco31@example.com','5512345690',31,'2020-01-31'),(32,'Claudia','Acosta','Peña','cacosta32@example.com','5523456782',32,'2020-02-01'),(33,'Gerardo','Padilla','Rangel','gpadilla33@example.com','5534567893',33,'2020-02-02'),(34,'Silvia','Montes','Barrera','smontes34@example.com','5545678904',34,'2020-02-03'),(35,'Manuel','Salinas','Zúñiga','msalinas35@example.com','5556789015',35,'2020-02-04'),(36,'Rosa','Villarreal','Ponce','rvillarreal36@example.com','5567890126',36,'2020-02-05'),(37,'Sergio','Zamora','Franco','szamora37@example.com','5578901237',37,'2020-02-06'),(38,'Beatriz','Pineda','Soria','bpineda38@example.com','5589012348',38,'2020-02-07'),(39,'Héctor','Romo','Cuevas','hromo39@example.com','5590123459',39,'2020-02-08'),(40,'Lourdes','Bernal','Osorio','lbernal40@example.com','5501234570',40,'2020-02-09'),(41,'Felipe','Cisneros','De la Cruz','fcisneros41@example.com','5512345701',41,'2020-02-10'),(42,'Mariana','Reséndiz','Maldonado','mresendiz42@example.com','5523456783',42,'2020-02-11'),(43,'Eduardo','Quintero','Castaño','equintero43@example.com','5534567894',43,'2020-02-12'),(44,'Alicia','Gallegos','Rosales','agallegos44@example.com','5545678905',44,'2020-02-13'),(45,'Rodrigo','Fierro','Camacho','rfierro45@example.com','5556789016',45,'2020-02-14'),(46,'Norma','Rocha','Trejo','nrocha46@example.com','5567890127',46,'2020-02-15'),(47,'Rubén','Barajas','Cordero','rbarajas47@example.com','5578901238',47,'2020-02-16'),(48,'Diana','Carmona','Collado','dcarmona48@example.com','5589012349',48,'2020-02-17'),(49,'Guillermo','Arredondo','Alarcón','garredondo49@example.com','5590123460',49,'2020-02-18'),(50,'Ana María','Palacios','Delgado','apalacios50@example.com','5501234571',50,'2020-02-19'),(51,'Jorge Luis','Leyva','Montes','jleyva51@example.com','5512345702',51,'2020-02-20'),(52,'María José','Cervantes','Ríos','mcervantes52@example.com','5523456784',52,'2020-02-21'),(53,'José Antonio','Bustos','Corona','jbustos53@example.com','5534567895',53,'2020-02-22'),(54,'Luisa Fernanda','Álvarez','Esquivel','lalvarez54@example.com','5545678906',54,'2020-02-23'),(55,'Carlos Alberto','Miranda','Salgado','cmiranda55@example.com','5556789017',55,'2020-02-24'),(56,'Gabriela','Rivas','Paredes','grivas56@example.com','5567890128',56,'2020-02-25'),(57,'Francisco Javier','Castañeda','Vázquez','fcastaneda57@example.com','5578901239',57,'2020-02-26'),(58,'Patricia','Maya','Zavala','pmaya58@example.com','5589012350',58,'2020-02-27'),(59,'Ricardo','Ochoa','León','rochoa59@example.com','5590123461',59,'2020-02-28'),(60,'Alejandro','Peralta','Campos','aperalta60@example.com','5501234572',60,'2020-02-29'),(61,'Guadalupe','Vega','Fuentes','gvega61@example.com','5512345703',61,'2020-03-01'),(62,'Sara','Arias','Molina','sarias62@example.com','5523456785',62,'2020-03-02'),(63,'Raúl','Cuevas','Valencia','rcuevas63@example.com','5534567896',63,'2020-03-03'),(64,'Clara','Méndez','Rangel','cmendez64@example.com','5545678907',64,'2020-03-04'),(65,'Alfredo','Galván','Andrade','agalvan65@example.com','5556789018',65,'2020-03-05'),(66,'Rocío','Serrano','Téllez','rserrano66@example.com','5567890129',66,'2020-03-06'),(67,'Martín','Tapia','Carrillo','mtapia67@example.com','5578901240',67,'2020-03-07'),(68,'Paulina','Rosales','Del Río','prosales68@example.com','5589012351',68,'2020-03-08'),(69,'Enrique','Lozano','Varela','elozano69@example.com','5590123462',69,'2020-03-09'),(70,'Dulce','Montoya','Zepeda','dmontoya70@example.com','5501234573',70,'2020-03-10'),(71,'José Luis','Ayala','Ponce','jayala71@example.com','5512345704',71,'2020-03-11'),(72,'Marisol','Valenzuela','Cárdenas','mvalenzuela72@example.com','5523456786',72,'2020-03-12'),(73,'Alfonso','Ibarra','Orozco','aibarra73@example.com','5534567897',73,'2020-03-13'),(74,'Leticia','Corona','Quiroz','lcorona74@example.com','5545678908',74,'2020-03-14'),(75,'Joaquín','Vidal','Barrios','jvidal75@example.com','5556789019',75,'2020-03-15'),(76,'Ximena','Maldonado','Escamilla','xmaldonado76@example.com','5567890130',76,'2020-03-16'),(77,'Federico','Zaragoza','Lugo','fzaragoza77@example.com','5578901241',77,'2020-03-17'),(78,'Aurora','Solís','Romo','asolis78@example.com','5589012352',78,'2020-03-18'),(79,'René','Olvera','Cisneros','rolvera79@example.com','5590123463',79,'2020-03-19'),(80,'Yolanda','Ponce','Reyes','yponce80@example.com','5501234574',80,'2020-03-20'),(81,'Ernesto','Báez','Nava','ebaez81@example.com','5512345705',81,'2020-03-21'),(82,'Natalia','Rangel','Salas','nrangel82@example.com','5523456787',82,'2020-03-22'),(83,'Hugo','Escobar','Mireles','hescobar83@example.com','5534567898',83,'2020-03-23'),(84,'Cecilia','Duarte','Castaño','cduarte84@example.com','5545678909',84,'2020-03-24'),(85,'Salvador','Magaña','Carrasco','smagana85@example.com','5556789020',85,'2020-03-25'),(86,'Irene','Velasco','Alonso','ivelasco86@example.com','5567890131',86,'2020-03-26'),(87,'Óscar','Carrillo','Paz','ocarrillo87@example.com','5578901242',87,'2020-03-27'),(88,'Estela','Navarro','Mesa','enavarro88@example.com','5589012353',88,'2020-03-28'),(89,'Mario','Salgado','Cano','msalgado89@example.com','5590123464',89,'2020-03-29'),(90,'Liliana','Camacho','Villa','lcamacho90@example.com','5501234575',90,'2020-03-30'),(91,'Julio','Fonseca','Zamora','jfonseca91@example.com','5512345706',91,'2020-03-31'),(92,'Carolina','Santillán','Lara','csantillan92@example.com','5523456788',92,'2020-04-01'),(93,'Agustín','Barrientos','Muro','abarrientos93@example.com','5534567899',93,'2020-04-02'),(94,'Ruth','Ceballos','Rocha','rceballos94@example.com','5545678910',94,'2020-04-03'),(95,'Fabián','Arteaga','Sosa','farteaga95@example.com','5556789021',95,'2020-04-04'),(96,'Adrián','Luevano','Trujillo','aluevano96@example.com','5567890132',96,'2020-04-05'),(97,'Victoria','Zamudio','Oliva','vzamudio97@example.com','5578901243',97,'2020-04-06'),(98,'Marcos','Téllez','Pineda','mtellez98@example.com','5589012354',98,'2020-04-07'),(99,'Paulina','Limón','Ríos','plimon99@example.com','5590123465',99,'2020-04-08'),(100,'Leonardo','Mireles','Valle','lmireles100@example.com','5501234576',100,'2020-04-09');
/*!40000 ALTER TABLE `clientes` ENABLE KEYS */;
UNLOCK TABLES;

--
-- Table structure for table `colonias`
--

DROP TABLE IF EXISTS `colonias`;
/*!40101 SET @saved_cs_client     = @@character_set_client */;
/*!50503 SET character_set_client = utf8mb4 */;
CREATE TABLE `colonias` (
  `id_colonia` int unsigned NOT NULL AUTO_INCREMENT,
  `nombre` varchar(150) NOT NULL,
  `cp` char(5) NOT NULL,
  `clave_mun` char(5) NOT NULL,
  PRIMARY KEY (`id_colonia`),
  UNIQUE KEY `nombre` (`nombre`,`cp`,`clave_mun`),
  KEY `FK_municipio_colonias` (`clave_mun`),
  CONSTRAINT `FK_municipio_colonias` FOREIGN KEY (`clave_mun`) REFERENCES `municipios` (`id_municipio`)
) ENGINE=InnoDB AUTO_INCREMENT=110 DEFAULT CHARSET=utf8mb4 COLLATE=utf8mb4_0900_ai_ci;
/*!40101 SET character_set_client = @saved_cs_client */;

--
-- Dumping data for table `colonias`
--

LOCK TABLES `colonias` WRITE;
/*!40000 ALTER TABLE `colonias` DISABLE KEYS */;
INSERT INTO `colonias` VALUES (6,'Altavista','20005','02001'),(29,'Altos de Chapultepec','20028','06004'),(78,'Altos del Mirador','20077','16003'),(94,'Alturas de San Juan','20093','19004'),(34,'Alturas del Sur','20033','07004'),(64,'Arboledas','20063','13004'),(73,'Bosque Real','20072','15003'),(62,'Bosques de Chapultepec','20061','13002'),(92,'Bosques de Reforma','20091','19002'),(26,'Bosques del Refugio','20025','06001'),(43,'Bosques del Sur','20042','09004'),(7,'Campestre del Río','20006','02002'),(106,'Campo Sur','45656','14001'),(104,'Cerro Colorado','48900','14004'),(16,'Colinas de Santa Fe','20015','04001'),(102,'Colinas del Aeropuerto','66600','19006'),(53,'Del Prado','20052','11003'),(44,'El Campanario','20043','09005'),(97,'El Dorado','20096','20002'),(39,'El Edén','20038','08004'),(22,'El Encino','20021','05002'),(3,'El Mirador','20002','01003'),(10,'El Olivo','20009','02005'),(35,'El Paraíso','20034','07005'),(70,'El Refugio','20069','14005'),(49,'Granada','20048','10004'),(19,'Hacienda Dorada','20018','04004'),(105,'Italia Providencia','44648','14005'),(31,'Jardines de Oriente','20030','07001'),(47,'Jardines de San Pedro','20046','10002'),(68,'Jardines del Lago','20067','14003'),(9,'Jardines del Sur','20008','02004'),(55,'La Cima','20054','11005'),(75,'La Escondida','20074','15005'),(17,'La Herradura','20016','04002'),(69,'La Loma','20068','14004'),(25,'Laderas del Norte','20024','05005'),(50,'Las Américas','20049','10005'),(52,'Las Haciendas','20051','11002'),(14,'Las Palmas','20013','03008'),(48,'Loma Bonita','20047','10003'),(87,'Lomas de San Francisco','20086','18002'),(72,'Lomas del Carmen','20071','15002'),(98,'Lomas del Pedregal','20097','20003'),(1,'Lomas del Valle','20000','01001'),(60,'Los Álamos','20059','12005'),(95,'Los Cipreses','20094','19005'),(4,'Los Encinos','20003','01004'),(103,'Los Fresnos','66636','19009'),(66,'Los Laureles','20065','14001'),(38,'Los Pinos','20037','08003'),(41,'Los Sauces','20040','09002'),(88,'Mirador de la Sierra','20087','18003'),(59,'Miravalle','20058','12004'),(93,'Monte Real','20092','19003'),(76,'Monte Verde','20075','16001'),(23,'Montecristo','20022','05003'),(5,'Monteverde','20004','01005'),(109,'Narvarte Poniente','03020','09004'),(33,'Nueva Galicia','20032','07003'),(65,'Nuevo Horizonte','20064','13005'),(13,'Paseos del Bosque','20012','03003'),(107,'Polanco','11560','09003'),(82,'Portal del Bosque','20081','17002'),(20,'Portal del Sol','20019','04005'),(96,'Privada del Sol','20095','20001'),(57,'Privada Diamante','20056','12002'),(24,'Privadas del Sur','20023','05004'),(67,'Puerta de Hierro','20066','14002'),(21,'Puerta del Roble','20020','05001'),(58,'Punta Esmeralda','20057','12003'),(61,'Rancho Grande','20060','13001'),(81,'Real de las Lomas','20080','17001'),(101,'Real de Palmas','66610','19006'),(15,'Real de San Miguel','20014','03009'),(63,'Real de Sevilla','20062','13003'),(85,'Real del Mar','20084','17005'),(27,'Real del Valle','20026','06002'),(30,'Residencial del Lago','20029','06005'),(40,'Residencial El Molino','20039','08005'),(56,'Residencial Montebello','20055','12001'),(32,'Residencial Real','20031','07002'),(36,'Residencial Roma','20035','08001'),(86,'Residencial San Carlos','20085','18001'),(83,'Residencial San Javier','20082','17003'),(54,'Rincón de la Montaña','20053','11004'),(84,'Rincón de las Fuentes','20083','17004'),(45,'Rincón de los Álamos','20044','09006'),(79,'Rincón del Cielo','20078','16004'),(18,'Rincón del Mar','20017','04003'),(99,'Rinconada de los Encinos','20098','20004'),(51,'San Ángel','20050','11001'),(90,'San Antonio','20089','18005'),(12,'San Gabriel','20011','03002'),(2,'San Isidro','20001','01002'),(108,'San Miguel Amantla','02960','09002'),(37,'San Rafael','20036','08002'),(42,'Santa Clara','20041','09003'),(8,'Santa Lucía','20007','02003'),(71,'Santa Mónica','20070','15001'),(100,'Santa Teresa','20099','20005'),(77,'Terrazas del Valle','20076','16002'),(46,'Valle de los Olivos','20045','10001'),(91,'Valle Verde','20090','19001'),(11,'Villa de las Flores','20010','03001'),(74,'Villas de Guadalupe','20073','15004'),(89,'Villas del Bosque','20088','18004'),(80,'Vista del Sol','20079','16005'),(28,'Vista Hermosa','20027','06003');
/*!40000 ALTER TABLE `colonias` ENABLE KEYS */;
UNLOCK TABLES;

--
-- Table structure for table `direcciones`
--

DROP TABLE IF EXISTS `direcciones`;
/*!40101 SET @saved_cs_client     = @@character_set_client */;
/*!50503 SET character_set_client = utf8mb4 */;
CREATE TABLE `direcciones` (
  `id_direccion` int unsigned NOT NULL AUTO_INCREMENT,
  `calle` varchar(150) NOT NULL,
  `num_ext` varchar(10) NOT NULL,
  `num_int` varchar(10) DEFAULT NULL,
  `clave_colonia` int unsigned NOT NULL,
  PRIMARY KEY (`id_direccion`),
  UNIQUE KEY `calle` (`calle`,`num_ext`,`num_int`,`clave_colonia`),
  KEY `FK_colonia_direcciones` (`clave_colonia`),
  CONSTRAINT `FK_colonia_direcciones` FOREIGN KEY (`clave_colonia`) REFERENCES `colonias` (`id_colonia`)
) ENGINE=InnoDB AUTO_INCREMENT=110 DEFAULT CHARSET=utf8mb4 COLLATE=utf8mb4_0900_ai_ci;
/*!40101 SET character_set_client = @saved_cs_client */;

--
-- Dumping data for table `direcciones`
--

LOCK TABLES `direcciones` WRITE;
/*!40000 ALTER TABLE `direcciones` DISABLE KEYS */;
INSERT INTO `direcciones` VALUES (5,'16 de Septiembre','573','11',5),(83,'Américas','566','6',83),(22,'Av. 20 de Noviembre','786','20',22),(30,'Av. Acapulco','412','14',30),(105,'Av. Adolfo López Mateos','2405',NULL,105),(19,'Av. Central','883','11',19),(1,'Av. Insurgentes Sur','1024','17',1),(10,'Av. Juárez','630','16',10),(51,'Av. Lomas Verdes','605','3',51),(38,'Av. Reforma Sur','577','9',38),(102,'Av. Santa Rosa','309',NULL,101),(3,'Av. Universidad','289','12',3),(40,'Baja California','981','19',40),(31,'Bella Vista','537','4',31),(41,'Benito Juárez','1209','26',41),(16,'Benito Juárez','284','22',16),(64,'Benito Juárez','315','1',64),(26,'Benito Juárez','772','17',26),(87,'Benito Juárez','923','15',87),(82,'Bosque Real','100','1',82),(58,'Bosques de las Lomas','688','15',58),(106,'Camino a la Providencia','1098',NULL,106),(88,'Camino Real','126','13',88),(103,'Clavel','100','300',103),(79,'Cobre','773','17',79),(8,'Colón','177','5',8),(50,'De la Estación','478','12',50),(39,'De la Independencia','366','8',39),(18,'De la Paz','566','15',18),(33,'De las Flores','852','16',33),(92,'De las Torres','809','12',92),(77,'Del Lago','385','5',77),(15,'Del Mar','550','7',15),(47,'Del Marqués','289','4',47),(94,'Del Norte','391','25',94),(29,'Del Norte','746','25',29),(91,'Del Pacífico','220','6',91),(7,'Del Parque','124','6',7),(85,'Del Pedregal','704','3',85),(74,'Del Puerto','130','14',74),(20,'Del Río','295','3',20),(4,'Del Sol','408','4',4),(71,'Del Sol','770','16',71),(99,'Del Sol Naciente','727','14',99),(69,'Del Toro','988','22',69),(27,'Del Valle','684','1',27),(57,'Del Valle','980','24',57),(86,'Eje Central','788','14',86),(73,'Emperadores','859','7',73),(55,'Escandon','670','2',55),(24,'Fátima','934','10',24),(67,'Flor de Mayo','609','6',67),(59,'Gaviotas','379','17',59),(70,'Guadalupe','520','9',70),(104,'Guadalupe Victoria','3099','80',104),(34,'Guayaba','163','7',34),(11,'Hidalgo','272','14',11),(101,'Interamerican','105','109',102),(62,'Iztacalco','875','20',62),(53,'Juárez','919','27',53),(42,'La Cima','713','14',42),(36,'La Loma','661','22',36),(98,'Las Acacias','180','5',98),(95,'Las Lomas','144','16',95),(65,'Las Margaritas','471','8',65),(46,'Las Palmas','614','5',46),(72,'Lázaro Cárdenas','510','2',72),(9,'Lázaro Cárdenas','999','21',9),(89,'Loma Bonita','451','7',89),(107,'Lope de Vega','341',NULL,107),(52,'Los Arcos','325','20',52),(90,'Los Olivos','315','23',90),(6,'Madero','891','2',6),(49,'Miguel Ángel','735','21',49),(35,'Miguel Hidalgo','752','23',35),(14,'Monterrey','710','13',14),(13,'Morelos','335','19',13),(63,'Morelos','749','25',63),(66,'Nueva España','800','23',66),(23,'Oaxaca','329','18',23),(43,'Oriente','444','22',43),(48,'Pino Suárez','869','13',48),(109,'Pitágoras','580','5',109),(100,'Plaza Mayor','611','9',100),(78,'Primavera','630','13',78),(28,'Progreso','525','12',28),(76,'Real del Valle','264','10',76),(2,'Reforma','1567','3',2),(108,'Rodolfo Gómez','4','12',108),(37,'San Andrés','210','3',37),(96,'San Antonio','839','3',96),(60,'San Fernando','926','14',60),(80,'San José','912','21',80),(44,'San Juan','586','7',44),(45,'San Miguel','370','18',45),(54,'Santa Cruz','451','8',54),(12,'Santa Fe','1187','9',12),(56,'Santa María','857','4',56),(93,'Santa Rita','632','10',93),(84,'Santa Teresa','250','9',84),(61,'Sinaloa','340','11',61),(68,'Sol','291','18',68),(75,'Sombra','742','11',75),(97,'Valle de los Pinos','596','8',97),(25,'Valle del Sol','601','2',25),(21,'Venustiano Carranza','442','9',21),(32,'Veracruz','990','5',32),(81,'Villa Rica','832','18',81),(17,'Xochimilco','723','8',17);
/*!40000 ALTER TABLE `direcciones` ENABLE KEYS */;
UNLOCK TABLES;

--
-- Table structure for table `estados`
--

DROP TABLE IF EXISTS `estados`;
/*!40101 SET @saved_cs_client     = @@character_set_client */;
/*!50503 SET character_set_client = utf8mb4 */;
CREATE TABLE `estados` (
  `id_estado` char(3) NOT NULL,
  `nombre` varchar(40) NOT NULL,
  `clave_pais` int unsigned DEFAULT '1',
  PRIMARY KEY (`id_estado`),
  UNIQUE KEY `nombre` (`nombre`),
  KEY `FK_pais_estados` (`clave_pais`),
  CONSTRAINT `FK_pais_estados` FOREIGN KEY (`clave_pais`) REFERENCES `paises` (`id_pais`)
) ENGINE=InnoDB DEFAULT CHARSET=utf8mb4 COLLATE=utf8mb4_0900_ai_ci;
/*!40101 SET character_set_client = @saved_cs_client */;

--
-- Dumping data for table `estados`
--

LOCK TABLES `estados` WRITE;
/*!40000 ALTER TABLE `estados` DISABLE KEYS */;
INSERT INTO `estados` VALUES ('01','Aguascalientes',1),('02','Baja California',1),('03','Baja California Sur',1),('04','Campeche',1),('05','Coahuila',1),('06','Colima',1),('07','Chiapas',1),('08','Chihuahua',1),('09','Ciudad de México',1),('10','Durango',1),('11','Guanajuato',1),('12','Guerrero',1),('13','Hidalgo',1),('14','Jalisco',1),('15','Estado de México',1),('16','Michoacán',1),('17','Morelos',1),('18','Nayarit',1),('19','Nuevo León',1),('20','Oaxaca',1),('21','Puebla',1),('22','Querétaro',1),('23','Quintana Roo',1),('24','San Luis Potosí',1),('25','Sinaloa',1),('26','Sonora',1),('27','Tabasco',1),('28','Tamaulipas',1),('29','Tlaxcala',1),('30','Veracruz',1),('31','Yucatán',1),('32','Zacatecas',1);
/*!40000 ALTER TABLE `estados` ENABLE KEYS */;
UNLOCK TABLES;

--
-- Table structure for table `facturas`
--

DROP TABLE IF EXISTS `facturas`;
/*!40101 SET @saved_cs_client     = @@character_set_client */;
/*!50503 SET character_set_client = utf8mb4 */;
CREATE TABLE `facturas` (
  `id_factura` int unsigned NOT NULL AUTO_INCREMENT,
  `clave_pago` int unsigned NOT NULL,
  `emisor` varchar(100) NOT NULL,
  `remitente` varchar(100) NOT NULL,
  `concepto` varchar(100) NOT NULL,
  `importe_total` decimal(10,2) NOT NULL,
  PRIMARY KEY (`id_factura`),
  UNIQUE KEY `clave_pago` (`clave_pago`),
  UNIQUE KEY `clave_pago_2` (`clave_pago`,`emisor`,`remitente`,`concepto`,`importe_total`),
  CONSTRAINT `FK_pago_factura` FOREIGN KEY (`clave_pago`) REFERENCES `pagos` (`id_pago`)
) ENGINE=InnoDB AUTO_INCREMENT=101 DEFAULT CHARSET=utf8mb4 COLLATE=utf8mb4_0900_ai_ci;
/*!40101 SET character_set_client = @saved_cs_client */;

--
-- Dumping data for table `facturas`
--

LOCK TABLES `facturas` WRITE;
/*!40000 ALTER TABLE `facturas` DISABLE KEYS */;
INSERT INTO `facturas` VALUES (1,1,'Hotel María DB Plaza Central','Jonah Smith','Hospedaje Suite Ejecutiva',1350.50),(2,2,'Hotel María DB Costa Azul','Ifeoma Johnson','Hospedaje Habitación Doble',1215.75),(3,3,'Hotel María DB Vista al Mar','Neil Williams','Hospedaje Habitación Familiar',2100.00),(4,4,'Hotel María DB Montañas','Ivor Brown','Hospedaje Suite Presidencial',1856.80),(5,5,'Hotel María DB Jardines','Emma Davis','Hospedaje Habitación Individual',1175.25),(6,6,'Hotel María DB Centro Histórico','Daquan Miller','Hospedaje Suite Nupcial',2320.50),(7,7,'Hotel María DB Laguna','Vanna Wilson','Hospedaje Habitación Doble',1395.00),(8,8,'Hotel María DB Palmeras','Chancellor Moore','Hospedaje Suite Ejecutiva',1742.30),(9,9,'Hotel María DB Colina','Otto Taylor','Hospedaje Habitación Individual',1468.90),(10,10,'Hotel María DB Valle','Kennan Anderson','Hospedaje Suite Presidencial',2275.60),(11,11,'Hotel María DB Paraíso','Serina Thomas','Hospedaje Habitación Doble',1115.75),(12,12,'Hotel María DB Brisas','Aspen Jackson','Hospedaje Suite Ejecutiva',1588.40),(13,13,'Hotel María DB Oasis','Lucius White','Hospedaje Habitación Individual',1042.50),(14,14,'Hotel María DB Horizonte','Audra Harris','Hospedaje Suite Presidencial',2230.25),(15,15,'Hotel María DB Cascadas','Michelle Martin','Hospedaje Habitación Familiar',2165.80),(16,16,'Hotel María DB Diamante','Cameron Garcia','Hospedaje Habitación Doble',1079.30),(17,17,'Hotel María DB Esmeralda','Jackson Martinez','Hospedaje Suite Nupcial',2310.75),(18,18,'Hotel María DB Bahía','Kameko Robinson','Hospedaje Habitación Individual',1098.50),(19,19,'Hotel María DB Colinas','Indigo Clark','Hospedaje Suite Ejecutiva',2145.20),(20,20,'Hotel María DB Atardecer','Quail Rodriguez','Hospedaje Habitación Doble',1062.90),(21,21,'Hotel María DB Amanecer','Adrienne Lewis','Hospedaje Suite Presidencial',2195.40),(22,22,'Hotel María DB Bosque','Harper Lee','Hospedaje Habitación Familiar',2110.25),(23,23,'Hotel María DB Mirador','Desirae Walker','Hospedaje Habitación Individual',1085.60),(24,24,'Hotel María DB Ríos','Shellie Hall','Hospedaje Suite Ejecutiva',2270.30),(25,25,'Hotel María DB Estrella','Josiah Allen','Hospedaje Habitación Doble',1135.75),(26,26,'Hotel María DB Luna','Grady Young','Hospedaje Habitación Individual',1052.80),(27,27,'Hotel María DB Sol','Micah Hernandez','Hospedaje Suite Presidencial',2185.90),(28,28,'Hotel María DB Galaxia','Carter King','Hospedaje Suite Nupcial',2225.50),(29,29,'Hotel María DB Aurora','Louis Wright','Hospedaje Habitación Doble',1072.25),(30,30,'Hotel María DB Arcoiris','Logan Lopez','Hospedaje Suite Ejecutiva',2155.60),(31,31,'Hotel María DB Coral','Avery Scott','Hospedaje Habitación Doble',1098.75),(32,32,'Hotel María DB Arena','Reagan Adams','Hospedaje Habitación Familiar',2125.40),(33,33,'Hotel María DB Perla','Milan Baker','Hospedaje Suite Presidencial',2260.80),(34,34,'Hotel María DB Manglar','Brynlee Gonzalez','Hospedaje Habitación Individual',1049.65),(35,35,'Hotel María DB Encino','Kyro Nelson','Hospedaje Suite Ejecutiva',2139.90),(36,36,'Hotel María DB Rocas','Leona Carter','Hospedaje Habitación Doble',1142.20),(37,37,'Hotel María DB Eclipse','Alaric Mitchell','Hospedaje Habitación Familiar',2098.10),(38,38,'Hotel María DB Prado','Oaklyn Perez','Hospedaje Suite Nupcial',2305.70),(39,39,'Hotel María DB Arena Blanca','Emerie Roberts','Hospedaje Habitación Individual',1078.95),(40,40,'Hotel María DB Laguna Verde','Dior Turner','Hospedaje Suite Ejecutiva',2180.60),(41,41,'Hotel María DB Jardín del Sol','Niko Phillips','Hospedaje Habitación Doble',1104.40),(42,42,'Hotel María DB Nube Azul','Sarai Campbell','Hospedaje Habitación Familiar',2133.25),(43,43,'Hotel María DB Zafiro','Zya Parker','Hospedaje Suite Presidencial',2219.85),(44,44,'Hotel María DB Costa Dorada','Violeta Evans','Hospedaje Habitación Individual',1058.70),(45,45,'Hotel María DB Tierra Alta','Lana Edwards','Hospedaje Suite Ejecutiva',2128.90),(46,46,'Hotel María DB Bahía Azul','Damon Collins','Hospedaje Habitación Doble',1112.15),(47,47,'Hotel María DB Marfil','Jayden Stewart','Hospedaje Habitación Familiar',2175.50),(48,48,'Hotel María DB Vistas Altas','Koa Sanchez','Hospedaje Suite Nupcial',2298.00),(49,49,'Hotel María DB Viento Norte','Skyla Morris','Hospedaje Habitación Individual',1089.45),(50,50,'Hotel María DB Brisa Marina','Alondra Rogers','Hospedaje Suite Presidencial',2240.30),(51,51,'Hotel María DB Luna Llena','Zahir Reed','Hospedaje Habitación Doble',1073.20),(52,52,'Hotel María DB Sol Poniente','Arden Cook','Hospedaje Suite Ejecutiva',2170.70),(53,53,'Hotel María DB Horizonte Azul','Keegan Morgan','Hospedaje Habitación Familiar',2118.65),(54,54,'Hotel María DB Río Claro','Noemi Bell','Hospedaje Habitación Individual',1035.90),(55,55,'Hotel María DB Encantada','Thatcher Murphy','Hospedaje Suite Presidencial',2289.55),(56,56,'Hotel María DB Palma Real','Aziel Bailey','Hospedaje Habitación Doble',1086.00),(57,57,'Hotel María DB Altamar','Sutton Rivera','Hospedaje Habitación Familiar',2150.45),(58,58,'Hotel María DB Cielo Abierto','Lyra Cooper','Hospedaje Suite Nupcial',2319.10),(59,59,'Hotel María DB Oasis Azul','Yael Richardson','Hospedaje Habitación Individual',1055.35),(60,60,'Hotel María DB Mar Azul','Vienna Cox','Hospedaje Suite Ejecutiva',2220.80),(61,61,'Hotel María DB Miramar','Aurelia Howard','Hospedaje Habitación Doble',1090.25),(62,62,'Hotel María DB Cumbre Dorada','Baylor Ward','Hospedaje Habitación Familiar',2178.90),(63,63,'Hotel María DB Sol Naciente','Tinsley Torres','Hospedaje Suite Presidencial',2274.35),(64,64,'Hotel María DB Costa Serena','Elio Peterson','Hospedaje Habitación Individual',1067.80),(65,65,'Hotel María DB Escondida','Ailani Gray','Hospedaje Suite Ejecutiva',2115.95),(66,66,'Hotel María DB Monte Verde','Remy Ramirez','Hospedaje Habitación Doble',1123.75),(67,67,'Hotel María DB Playa Serena','Davian James','Hospedaje Habitación Familiar',2185.40),(68,68,'Hotel María DB Cielo Estrellado','Brinley Watson','Hospedaje Suite Nupcial',2292.25),(69,69,'Hotel María DB Arrecife','Canaan Brooks','Hospedaje Habitación Individual',1043.60),(70,70,'Hotel María DB Sol Dorado','Ellison Kelly','Hospedaje Suite Presidencial',2210.85),(71,71,'Hotel María DB Vista Bonita','Kylian Sanders','Hospedaje Habitación Doble',1068.90),(72,72,'Hotel María DB Costa Blanca','Della Price','Hospedaje Habitación Familiar',2108.50),(73,73,'Hotel María DB Palmeral','Elianna Bennett','Hospedaje Suite Ejecutiva',2142.30),(74,74,'Hotel María DB Isla Grande','Yareli Wood','Hospedaje Habitación Individual',1039.45),(75,75,'Hotel María DB Luna Nueva','Maxton Barnes','Hospedaje Suite Nupcial',2302.75),(76,76,'Hotel María DB Brisa del Mar','Bellamy Ross','Hospedaje Habitación Familiar',2168.90),(77,77,'Hotel María DB Playa Arena','Kataleya Henderson','Hospedaje Habitación Doble',1084.65),(78,78,'Hotel María DB Faro Viejo','Ameer Coleman','Hospedaje Habitación Individual',1011.20),(79,79,'Hotel María DB Rocas Blancas','Emory Jenkins','Hospedaje Suite Ejecutiva',2248.15),(80,80,'Hotel María DB Cumbres Altas','Aliyah Perry','Hospedaje Suite Presidencial',2257.45),(81,81,'Hotel María DB Sol Claro','Denver Powell','Hospedaje Habitación Doble',1139.70),(82,82,'Hotel María DB Luna Brillante','Jayla Long','Hospedaje Habitación Familiar',2127.55),(83,83,'Hotel María DB Lluvia Serena','Zyon Patterson','Hospedaje Suite Nupcial',2312.00),(84,84,'Hotel María DB Brisas del Valle','Sunny Hughes','Hospedaje Habitación Individual',1053.85),(85,85,'Hotel María DB Horizonte Lejano','Landry Flores','Hospedaje Suite Ejecutiva',2174.45),(86,86,'Hotel María DB Jardín de Luz','Tadeo Washington','Hospedaje Habitación Doble',1075.30),(87,87,'Hotel María DB Río Cristalino','Waverly Butler','Hospedaje Habitación Familiar',2145.90),(88,88,'Hotel María DB Punta Dorada','Justice Simmons','Hospedaje Suite Presidencial',2266.80),(89,89,'Hotel María DB Bruma Azul','Kaisley Foster','Hospedaje Habitación Individual',1061.50),(90,90,'Hotel María DB Isla del Sol','Jovanni Gonzales','Hospedaje Suite Nupcial',2297.65),(91,91,'Hotel María DB Laguna Cristalina','Sky Barrett','Hospedaje Habitación Doble',1127.20),(92,92,'Hotel María DB Palmeras del Mar','Avayah Johnston','Hospedaje Habitación Familiar',2139.75),(93,93,'Hotel María DB Roca Esmeralda','Macie Bishop','Hospedaje Suite Ejecutiva',2194.25),(94,94,'Hotel María DB Monte Escondido','Omari Craig','Hospedaje Habitación Individual',1048.60),(95,95,'Hotel María DB Sol Tropical','Siena Bates','Hospedaje Habitación Doble',1065.80),(96,96,'Hotel María DB Horizonte Pacifico','Callahan Barker','Hospedaje Suite Presidencial',2253.00),(97,97,'Hotel María DB Estrella del Norte','Khari Hardy','Hospedaje Habitación Familiar',2121.30),(98,98,'Hotel María DB Villa Jardín','Pearl Steele','Hospedaje Habitación Individual',1097.10),(99,99,'Hotel María DB Luz Serena','Flynn Thornton','Hospedaje Suite Ejecutiva',2163.50),(100,100,'Hotel María DB Playa Azul','Taya Cross','Hospedaje Habitación Doble',1106.45);
/*!40000 ALTER TABLE `facturas` ENABLE KEYS */;
UNLOCK TABLES;

--
-- Table structure for table `habitaciones`
--

DROP TABLE IF EXISTS `habitaciones`;
/*!40101 SET @saved_cs_client     = @@character_set_client */;
/*!50503 SET character_set_client = utf8mb4 */;
CREATE TABLE `habitaciones` (
  `id_habitacion` int unsigned NOT NULL AUTO_INCREMENT,
  `clave_hotel` int unsigned NOT NULL,
  `clave_tipo` int unsigned NOT NULL,
  `numero` smallint unsigned NOT NULL,
  `precio_noche` decimal(7,2) DEFAULT NULL,
  `disponibilidad` enum('Disponible','Ocupada','En mantenimiento','Clausurada') NOT NULL,
  PRIMARY KEY (`id_habitacion`),
  UNIQUE KEY `habitacion` (`clave_hotel`,`clave_tipo`,`numero`),
  KEY `FK_tipo_habitacion` (`clave_tipo`),
  CONSTRAINT `FK_hotel_habitacion` FOREIGN KEY (`clave_hotel`) REFERENCES `hoteles` (`id_hotel`) ON DELETE CASCADE ON UPDATE CASCADE,
  CONSTRAINT `FK_tipo_habitacion` FOREIGN KEY (`clave_tipo`) REFERENCES `tipo_habitacion` (`id_tipo`) ON UPDATE CASCADE
) ENGINE=InnoDB AUTO_INCREMENT=248 DEFAULT CHARSET=utf8mb4 COLLATE=utf8mb4_0900_ai_ci;
/*!40101 SET character_set_client = @saved_cs_client */;

--
-- Dumping data for table `habitaciones`
--

LOCK TABLES `habitaciones` WRITE;
/*!40000 ALTER TABLE `habitaciones` DISABLE KEYS */;
INSERT INTO `habitaciones` VALUES (1,17,1,101,1086.35,'Ocupada'),(2,73,5,218,1734.82,'Disponible'),(3,52,4,58,2157.96,'Disponible'),(4,39,6,44,2412.42,'Disponible'),(5,91,2,173,2165.53,'Ocupada'),(6,25,2,224,1360.25,'En mantenimiento'),(7,66,1,278,1980.09,'Disponible'),(8,2,7,214,2211.61,'Clausurada'),(9,45,5,126,2906.88,'Ocupada'),(10,5,3,97,963.88,'En mantenimiento'),(11,68,7,24,1022.64,'Clausurada'),(12,81,2,178,1457.30,'Ocupada'),(13,61,1,91,1665.89,'Disponible'),(14,89,4,298,2820.73,'Disponible'),(15,22,6,134,1033.32,'Disponible'),(16,59,3,110,2889.12,'Ocupada'),(17,4,5,58,1368.83,'Ocupada'),(18,48,3,129,1775.64,'En mantenimiento'),(19,100,7,212,2761.71,'Disponible'),(20,13,1,279,2384.03,'Disponible'),(21,35,6,73,1120.62,'Disponible'),(22,92,3,151,2020.47,'Ocupada'),(23,30,7,76,2842.49,'Disponible'),(24,27,2,196,1437.92,'Ocupada'),(25,70,4,113,1259.19,'En mantenimiento'),(26,19,5,271,2056.51,'Ocupada'),(27,9,6,82,1887.32,'Clausurada'),(28,86,3,298,1251.77,'Ocupada'),(29,47,1,59,1449.65,'Disponible'),(30,78,7,208,1027.22,'Disponible'),(31,8,2,87,2815.58,'En mantenimiento'),(32,55,4,183,2184.42,'Disponible'),(33,11,3,112,1932.87,'Disponible'),(34,36,6,230,2472.36,'Disponible'),(35,71,1,211,1611.45,'Ocupada'),(36,16,5,17,1407.77,'En mantenimiento'),(37,63,2,205,1451.30,'Disponible'),(38,33,4,260,1825.25,'Clausurada'),(39,84,6,116,1397.98,'Disponible'),(40,94,7,77,1634.79,'Ocupada'),(41,14,1,155,2754.10,'En mantenimiento'),(42,96,2,266,1222.96,'Ocupada'),(43,58,5,22,1801.08,'Ocupada'),(44,20,3,143,1580.25,'Disponible'),(45,88,4,267,1516.62,'Disponible'),(46,42,7,195,1482.99,'Ocupada'),(47,87,1,36,1750.76,'Disponible'),(48,67,6,115,2156.20,'Ocupada'),(49,28,5,84,1225.33,'Disponible'),(50,6,2,288,1281.41,'Clausurada'),(51,43,4,252,2509.27,'En mantenimiento'),(52,10,3,164,1130.48,'Disponible'),(53,50,6,274,2448.50,'Ocupada'),(54,15,7,191,2802.22,'Disponible'),(55,1,1,33,2637.84,'En mantenimiento'),(56,46,2,59,1452.67,'Ocupada'),(57,77,5,289,1647.01,'Disponible'),(58,7,3,216,2567.44,'Ocupada'),(59,40,4,273,1234.05,'Disponible'),(60,3,6,106,2453.92,'Ocupada'),(61,23,7,42,2687.35,'Disponible'),(62,31,1,157,2035.56,'En mantenimiento'),(63,12,5,81,1430.93,'Disponible'),(64,56,3,229,2604.62,'Ocupada'),(65,99,4,57,2344.79,'Clausurada'),(66,26,6,182,1072.26,'Ocupada'),(67,97,2,99,1049.34,'Disponible'),(68,65,1,14,1358.65,'Ocupada'),(69,24,7,168,2052.12,'Disponible'),(70,18,4,253,1039.17,'Disponible'),(71,37,6,160,2436.10,'Ocupada'),(72,64,5,77,2928.64,'En mantenimiento'),(73,80,2,150,2380.19,'Ocupada'),(74,29,3,268,951.46,'Ocupada'),(75,83,1,202,1586.79,'Clausurada'),(76,32,7,121,1760.05,'Disponible'),(77,41,5,45,2772.90,'Disponible'),(78,38,4,138,2583.24,'En mantenimiento'),(79,44,6,261,899.76,'Disponible'),(80,74,3,98,1316.11,'Disponible'),(81,21,2,12,2362.53,'Ocupada'),(82,34,7,210,1011.00,'Disponible'),(83,95,1,190,2746.42,'Ocupada'),(84,76,6,120,2114.82,'Ocupada'),(85,85,4,237,1992.68,'En mantenimiento'),(86,98,2,263,1671.34,'Disponible'),(87,53,5,103,1105.55,'Disponible'),(88,72,3,123,1201.91,'Ocupada'),(89,62,6,144,2520.13,'Clausurada'),(90,93,7,170,1943.42,'Disponible'),(91,60,1,13,1320.77,'Ocupada'),(92,75,2,139,1066.99,'Disponible'),(93,57,4,108,2256.16,'Disponible'),(94,69,3,90,1160.72,'En mantenimiento'),(95,90,5,11,2885.77,'Ocupada'),(96,49,7,56,2972.35,'Disponible'),(97,79,1,88,2135.89,'Disponible'),(98,99,7,27,5899.35,'Disponible'),(99,100,1,98,7245.89,'Disponible'),(100,95,6,74,1467.23,'Ocupada'),(101,1,3,101,1200.50,'En mantenimiento'),(102,1,4,102,1350.00,'En mantenimiento'),(103,1,5,103,1480.25,'En mantenimiento'),(104,1,2,104,1255.90,'En mantenimiento'),(105,1,6,105,1300.00,'En mantenimiento'),(106,1,1,106,1400.00,'En mantenimiento'),(107,1,7,107,1380.00,'En mantenimiento'),(108,1,3,108,1100.00,'En mantenimiento'),(109,5,2,201,1500.00,'En mantenimiento'),(110,5,3,202,1530.50,'En mantenimiento'),(111,5,5,203,1670.10,'En mantenimiento'),(112,5,4,204,1720.00,'En mantenimiento'),(113,5,7,205,1800.30,'En mantenimiento'),(114,5,6,206,1900.00,'En mantenimiento'),(115,5,1,207,1440.60,'En mantenimiento'),(116,5,2,208,1505.75,'En mantenimiento'),(117,5,3,209,1605.25,'En mantenimiento'),(118,8,2,301,1230.00,'En mantenimiento'),(119,8,4,302,1345.80,'En mantenimiento'),(120,8,6,303,1420.00,'En mantenimiento'),(121,8,1,304,1380.00,'En mantenimiento'),(122,8,5,305,1575.10,'En mantenimiento'),(123,8,3,306,1400.00,'En mantenimiento'),(124,8,7,307,1450.25,'En mantenimiento'),(125,8,4,308,1390.00,'En mantenimiento'),(126,14,2,401,1700.00,'En mantenimiento'),(127,14,5,402,1800.00,'En mantenimiento'),(128,14,6,403,1720.10,'En mantenimiento'),(129,14,4,404,1655.00,'En mantenimiento'),(130,14,1,405,1600.00,'En mantenimiento'),(131,14,3,406,1575.30,'En mantenimiento'),(132,14,7,407,1680.00,'En mantenimiento'),(133,14,2,408,1705.75,'En mantenimiento'),(134,14,5,409,1555.00,'En mantenimiento'),(135,14,6,410,1500.20,'En mantenimiento'),(136,16,3,501,1900.00,'En mantenimiento'),(137,16,6,502,1875.80,'En mantenimiento'),(138,16,2,503,1930.00,'En mantenimiento'),(139,16,5,504,1850.00,'En mantenimiento'),(140,16,1,505,1700.10,'En mantenimiento'),(141,16,7,506,1600.00,'En mantenimiento'),(142,16,4,507,1760.25,'En mantenimiento'),(143,16,3,508,1650.00,'En mantenimiento'),(144,16,5,509,1635.90,'En mantenimiento'),(145,16,2,510,1800.00,'En mantenimiento'),(146,25,3,601,1450.00,'En mantenimiento'),(147,25,4,602,1380.00,'En mantenimiento'),(148,25,5,603,1490.50,'En mantenimiento'),(149,25,1,604,1320.00,'En mantenimiento'),(150,25,2,605,1355.20,'En mantenimiento'),(151,25,6,606,1510.00,'En mantenimiento'),(152,25,7,607,1600.00,'En mantenimiento'),(153,25,3,608,1580.00,'En mantenimiento'),(154,31,2,701,1455.00,'En mantenimiento'),(155,31,4,702,1490.00,'En mantenimiento'),(156,31,6,703,1410.00,'En mantenimiento'),(157,31,5,704,1430.20,'En mantenimiento'),(158,31,7,705,1500.00,'En mantenimiento'),(159,31,3,706,1540.00,'En mantenimiento'),(160,38,3,801,1750.00,'En mantenimiento'),(161,38,5,802,1780.25,'En mantenimiento'),(162,38,2,803,1600.00,'En mantenimiento'),(163,38,4,804,1650.10,'En mantenimiento'),(164,38,6,805,1625.00,'En mantenimiento'),(165,38,7,806,1590.00,'En mantenimiento'),(166,38,1,807,1610.00,'En mantenimiento'),(167,38,5,808,1530.00,'En mantenimiento'),(168,43,2,901,1700.00,'En mantenimiento'),(169,43,4,902,1600.00,'En mantenimiento'),(170,43,3,903,1650.00,'En mantenimiento'),(171,43,6,904,1575.25,'En mantenimiento'),(172,43,1,905,1490.00,'En mantenimiento'),(173,43,7,906,1510.00,'En mantenimiento'),(174,48,2,1001,1350.00,'En mantenimiento'),(175,48,4,1002,1300.00,'En mantenimiento'),(176,48,6,1003,1400.00,'En mantenimiento'),(177,48,1,1004,1380.50,'En mantenimiento'),(178,48,7,1005,1360.00,'En mantenimiento'),(179,64,2,1101,1500.00,'En mantenimiento'),(180,64,5,1102,1600.00,'En mantenimiento'),(181,64,3,1103,1650.10,'En mantenimiento'),(182,64,6,1104,1700.00,'En mantenimiento'),(183,64,1,1105,1750.00,'En mantenimiento'),(184,69,2,1201,1450.00,'En mantenimiento'),(185,69,4,1202,1520.00,'En mantenimiento'),(186,69,5,1203,1560.00,'En mantenimiento'),(187,69,1,1204,1400.00,'En mantenimiento'),(188,69,3,1205,1480.00,'En mantenimiento'),(189,69,6,1206,1490.00,'En mantenimiento'),(190,70,3,1301,1620.00,'En mantenimiento'),(191,70,4,1302,1690.00,'En mantenimiento'),(192,70,5,1303,1735.00,'En mantenimiento'),(193,70,2,1304,1550.00,'En mantenimiento'),(194,70,6,1305,1650.00,'En mantenimiento'),(195,70,7,1306,1780.00,'En mantenimiento'),(196,70,1,1307,1720.00,'En mantenimiento'),(197,70,2,1308,1765.00,'En mantenimiento'),(198,70,3,1309,1695.00,'En mantenimiento'),(199,70,4,1310,1625.00,'En mantenimiento'),(200,85,2,1401,1820.00,'En mantenimiento'),(201,85,4,1402,1880.00,'En mantenimiento'),(202,85,1,1403,1790.00,'En mantenimiento'),(203,85,3,1404,1850.00,'En mantenimiento'),(204,85,5,1405,1910.00,'En mantenimiento'),(205,85,6,1406,1875.00,'En mantenimiento'),(206,5,7,301,3200.00,'Disponible'),(207,12,8,302,2800.00,'Disponible'),(208,28,9,303,2600.00,'Disponible'),(209,47,10,304,3500.00,'Disponible'),(210,62,11,305,4000.00,'Disponible'),(211,33,12,306,2700.00,'Disponible'),(212,71,13,307,3800.00,'Disponible'),(213,20,7,308,3100.00,'Disponible'),(214,41,8,309,2900.00,'Disponible'),(215,9,9,310,2500.00,'Disponible'),(216,109,13,311,3000.00,'Disponible'),(217,21,9,401,4050.00,'Disponible'),(218,3,12,301,2750.50,'Disponible'),(219,7,9,302,2300.00,'Ocupada'),(220,1,11,303,3100.75,'En mantenimiento'),(221,2,8,304,2200.00,'Disponible'),(222,5,13,305,4000.99,'Clausurada'),(223,4,10,306,2499.90,'Disponible'),(224,6,12,307,2899.00,'Ocupada'),(225,9,8,308,2100.00,'Disponible'),(226,10,13,309,4150.25,'Disponible'),(227,3,11,310,3250.00,'En mantenimiento'),(228,8,9,311,2450.75,'Disponible'),(229,1,10,312,2380.80,'Clausurada'),(230,6,12,313,2999.99,'Ocupada'),(231,7,13,314,4055.50,'Disponible'),(232,2,8,315,2190.00,'Disponible'),(233,4,9,316,2350.00,'En mantenimiento'),(234,5,10,317,2488.80,'Ocupada'),(235,9,11,318,3150.10,'Disponible'),(236,1,12,319,2900.00,'Disponible'),(237,2,13,320,4180.00,'Clausurada'),(238,3,8,321,2230.45,'Disponible'),(239,6,9,322,2400.00,'En mantenimiento'),(240,10,10,323,2600.00,'Disponible'),(241,4,11,324,3350.00,'Ocupada'),(242,8,12,325,2800.00,'Disponible'),(243,5,13,326,3900.00,'Disponible'),(244,7,8,327,2280.00,'Clausurada'),(245,1,9,328,2310.10,'Disponible'),(246,6,11,329,3420.00,'En mantenimiento'),(247,3,10,330,2550.00,'Ocupada');
/*!40000 ALTER TABLE `habitaciones` ENABLE KEYS */;
UNLOCK TABLES;

--
-- Table structure for table `hoteles`
--

DROP TABLE IF EXISTS `hoteles`;
/*!40101 SET @saved_cs_client     = @@character_set_client */;
/*!50503 SET character_set_client = utf8mb4 */;
CREATE TABLE `hoteles` (
  `id_hotel` int unsigned NOT NULL AUTO_INCREMENT,
  `nombre` varchar(100) NOT NULL,
  `clave_direccion` int unsigned NOT NULL,
  `telefono` varchar(15) NOT NULL,
  `email` varchar(50) NOT NULL,
  `categoria` enum('1','2','3','4','5') DEFAULT NULL,
  PRIMARY KEY (`id_hotel`),
  UNIQUE KEY `nombre` (`nombre`),
  UNIQUE KEY `clave_direccion` (`clave_direccion`),
  UNIQUE KEY `telefono` (`telefono`),
  UNIQUE KEY `email` (`email`),
  CONSTRAINT `FK_hotel_direccion` FOREIGN KEY (`clave_direccion`) REFERENCES `direcciones` (`id_direccion`)
) ENGINE=InnoDB AUTO_INCREMENT=110 DEFAULT CHARSET=utf8mb4 COLLATE=utf8mb4_0900_ai_ci;
/*!40101 SET character_set_client = @saved_cs_client */;

--
-- Dumping data for table `hoteles`
--

LOCK TABLES `hoteles` WRITE;
/*!40000 ALTER TABLE `hoteles` DISABLE KEYS */;
INSERT INTO `hoteles` VALUES (1,'Hotel María DB Plaza Central',9,'7053624331','plaza_central@hotelmdb.com','1'),(2,'Hotel María DB Costa Azul',2,'7517525458','costa_azul@hotelmdb.com','4'),(3,'Hotel María DB Vista al Mar',65,'3842717031','vista_mar@hotelmdb.com','4'),(4,'Hotel María DB Montañas',35,'3805565830','montanas@hotelmdb.com','4'),(5,'Hotel María DB Jardines',23,'6454871533','jardines@hotelmdb.com','2'),(6,'Hotel María DB Centro Histórico',6,'7315861065','centro_hist@hotelmdb.com','4'),(7,'Hotel María DB Laguna',20,'2279954713','laguna@hotelmdb.com','4'),(8,'Hotel María DB Palmeras',45,'7314551447','palmeras@hotelmdb.com','4'),(9,'Hotel María DB Colina',4,'4619334671','colina@hotelmdb.com','4'),(10,'Hotel María DB Valle',36,'2702241902','valle@hotelmdb.com','2'),(11,'Hotel María DB Paraíso',11,'5723403786','paraiso@hotelmdb.com','2'),(12,'Hotel María DB Brisas',49,'6714638412','brisas@hotelmdb.com','3'),(13,'Hotel María DB Oasis',100,'2505881632','oasis@hotelmdb.com','1'),(14,'Hotel María DB Horizonte',82,'2669026722','horizonte@hotelmdb.com','1'),(15,'Hotel María DB Cascadas',21,'6446239392','cascadas@hotelmdb.com','3'),(16,'Hotel María DB Diamante',39,'6463846815','diamante@hotelmdb.com','5'),(17,'Hotel María DB Esmeralda',96,'9127713674','esmeralda@hotelmdb.com','2'),(18,'Hotel María DB Bahía',26,'4094136867','bahia@hotelmdb.com','4'),(19,'Hotel María DB Colinas',59,'8998596851','colinas@hotelmdb.com','2'),(20,'Hotel María DB Atardecer',22,'7462670037','atardecer@hotelmdb.com','2'),(21,'Hotel María DB Amanecer',88,'5616338257','amanecer@hotelmdb.com','2'),(22,'Hotel María DB Bosque',67,'7406280757','bosque@hotelmdb.com','2'),(23,'Hotel María DB Mirador',99,'7882749634','mirador@hotelmdb.com','4'),(24,'Hotel María DB Ríos',54,'7202204603','rios@hotelmdb.com','4'),(25,'Hotel María DB Estrella',12,'3846976092','estrella@hotelmdb.com','5'),(26,'Hotel María DB Luna',1,'1142418126','luna@hotelmdb.com','3'),(27,'Hotel María DB Sol',8,'5714156648','sol@hotelmdb.com','2'),(28,'Hotel María DB Galaxia',13,'6662984417','galaxia@hotelmdb.com','4'),(29,'Hotel María DB Aurora',76,'3478702989','aurora@hotelmdb.com','2'),(30,'Hotel María DB Arcoiris',5,'2547136589','arcoiris@hotelmdb.com','2'),(31,'Hotel María DB Cielo',32,'4952684082','cielo@hotelmdb.com','2'),(32,'Hotel María DB Nubes',77,'6804557340','nubes@hotelmdb.com','1'),(33,'Hotel María DB Brisa Marina',91,'8655410963','brisa_marina@hotelmdb.com','2'),(34,'Hotel María DB Selva',83,'5432815608','selva@hotelmdb.com','3'),(35,'Hotel María DB Arena',44,'8867254647','arena@hotelmdb.com','4'),(36,'Hotel María DB Coral',28,'6627889581','coral@hotelmdb.com','4'),(37,'Hotel María DB Robles',29,'5858737351','robles@hotelmdb.com','2'),(38,'Hotel María DB Fuente',43,'2681452379','fuente@hotelmdb.com','2'),(39,'Hotel María DB Pinos',81,'4423844173','pinos@hotelmdb.com','3'),(40,'Hotel María DB Acantilado',55,'5628124435','alcantilado@hotelmdb.com','1'),(41,'Hotel María DB Pradera',97,'6256569894','pradera@hotelmdb.com','2'),(42,'Hotel María DB Jardín Bello',73,'1144586624','jardin_bello@hotelmdb.com','2'),(43,'Hotel María DB Paraíso Perdido',16,'8427893124','paraiso_perdido@hotelmdb.com','5'),(44,'Hotel María DB Colinas Verdes',46,'5768963271','colinas_verdes@hotelmdb.com','1'),(45,'Hotel María DB Lagos',63,'1248691074','lagos@hotelmdb.com','2'),(46,'Hotel María DB Diamante Azul',18,'6318074480','diamante_azul@hotelmdb.com','5'),(47,'Hotel María DB Palmeral',75,'5635089554','palmeral@hotelmdb.com','4'),(48,'Hotel María DB Bahía Dorada',62,'4266313637','bahia_dorada@hotelmdb.com','1'),(49,'Hotel María DB Montaña Mágica',30,'8257939723','montana_magica@hotelmdb.com','1'),(50,'Hotel María DB Valle Escondido',25,'5877462823','valle_escondido@hotelmdb.com','4'),(51,'Hotel María DB Ciudadela',48,'9461849625','ciudadela@hotelmdb.com','2'),(52,'Hotel María DB Puente',14,'5833718554','puente@hotelmdb.com','3'),(53,'Hotel María DB Cascada Blanca',92,'2461433615','cascada_blanca@hotelmdb.com','3'),(54,'Hotel María DB Terraza',94,'6724545026','terraza@hotelmdb.com','2'),(55,'Hotel María DB Mirador Norte',98,'4572184660','mirador_norte@hotelmdb.com','2'),(56,'Hotel María DB Plaza Mayor',58,'5627853541','plaza_mayor@hotelmdb.com','1'),(57,'Hotel María DB Patio Andaluz',87,'7488528732','patio_andaluz@hotelmdb.com','2'),(58,'Hotel María DB Cumbres',70,'3291360066','cumbres@hotelmdb.com','5'),(59,'Hotel María DB Jardín Botánico',52,'1086367371','jardin_botanico@hotelmdb.com','4'),(60,'Hotel María DB Puerta del Sol',90,'6619821714','puerta_sol@hotelmdb.com','2'),(61,'Hotel María DB Alameda',86,'3718853883','alameda@hotelmdb.com','4'),(62,'Hotel María DB Paseo Marítimo',53,'1327215763','paseo_maritimo@hotelmdb.com','3'),(63,'Hotel María DB Isla Privada',27,'6742221551','isla_privada@hotelmdb.com','5'),(64,'Hotel María DB Rincón del Lago',38,'6828103822','rincon_lago@hotelmdb.com','2'),(65,'Hotel María DB Cima',89,'5279770615','cima@hotelmdb.com','1'),(66,'Hotel María DB Bahía Azul',71,'6175677645','bahia_azul@hotelmdb.com','4'),(67,'Hotel María DB Jardín Tropical',51,'4647144195','jardin_tropical@hotelmdb.com','4'),(68,'Hotel María DB Colina Roja',72,'7483765759','colina_roja@hotelmdb.com','2'),(69,'Hotel María DB Oasis Verde',61,'5356677419','oasis_verde@hotelmdb.com','4'),(70,'Hotel María DB Puerta Dorada',68,'1325029705','puerta_dorada@hotelmdb.com','2'),(71,'Hotel María DB Plaza Real',95,'9933766737','plaza_real@hotelmdb.com','4'),(72,'Hotel María DB Terraza Baja',40,'6684287424','terraza_baja@hotelmdb.com','4'),(73,'Hotel María DB Bosque Encantado',79,'8223798617','bosque_encantado@hotelmdb.com','3'),(74,'Hotel María DB Mirador Sur',56,'4768873377','mirador_sur@hotelmdb.com','2'),(75,'Hotel María DB Colina del Viento',19,'1752808130','colina_viento@hotelmdb.com','1'),(76,'Hotel María DB Jardín de Invierno',34,'5642354231','jardin_invierno@hotelmdb.com','2'),(77,'Hotel María DB Terraza del Sol',66,'7584667566','terraza_sol@hotelmdb.com','2'),(78,'Hotel María DB Paseo del Río',41,'4688031573','paseo_rio@hotelmdb.com','2'),(79,'Hotel María DB Valle Florido',69,'3915276623','valle_florido@hotelmdb.com','3'),(80,'Hotel María DB Puerta del Mar',24,'5751317305','puerta_mar@hotelmdb.com','2'),(81,'Hotel María DB Plaza del Sol',7,'1484441659','plaza_sol@hotelmdb.com','1'),(82,'Hotel María DB Terraza del Mar',85,'2671464948','terraza_mar@hotelmdb.com','2'),(83,'Hotel María DB Jardín del Edén',37,'8257668014','jardin_eden@hotelmdb.com','4'),(84,'Hotel María DB Mirador Este',10,'3883156879','mirador_este@hotelmdb.com','2'),(85,'Hotel María DB Colina del Sol',42,'8555486693','colina_sol@hotelmdb.com','4'),(86,'Hotel María DB Bahía Esmeralda',3,'2942249081','bahia_esmeral@hotelmdb.com','1'),(87,'Hotel María DB Valle Encantado',74,'5875475447','valle_encanta@hotelmdb.com','3'),(88,'Hotel María DB Paseo del Sol',93,'1147972161','paseo_sol@hotelmdb.com','2'),(89,'Hotel María DB Terraza Alta',78,'2273059371','terraza_alta@hotelmdb.com','2'),(90,'Hotel María DB Jardín Secreto',57,'8365683858','jardin_secreto@hotelmdb.com','4'),(91,'Hotel María DB Plaza Central Norte',31,'4252256391','plaza_cen_norte@hotelmdb.com','4'),(92,'Hotel María DB Terraza del Lago',15,'5156255775','terraza_lago@hotelmdb.com','2'),(93,'Hotel María DB Mirador Oeste',50,'3655636739','mirador_oeste@hotelmdb.com','3'),(94,'Hotel María DB Colina del Mar',33,'6416080675','colina_mar@hotelmdb.com','4'),(95,'Hotel María DB Jardín Real',47,'4283467431','jardin_real@hotelmdb.com','4'),(96,'Hotel María DB Bahía del Sol',84,'3438227742','bahia_sol@hotelmdb.com','4'),(97,'Hotel María DB Plaza del Mar',80,'8016861151','plaza_mar@hotelmdb.com','4'),(98,'Hotel María DB Terraza Real',64,'9275688687','terraza_real@hotelmdb.com','4'),(99,'Hotel María DB Valle del Sol',60,'8726606589','valle_sol@hotelmdb.com','3'),(100,'Hotel María DB Jardín del Sol',17,'2542463366','jardin_sol@hotelmdb.com','5'),(101,'Hotel María DB Cielo Rojo',101,'5536653523','cielo_rojo@hotelmdb.com','5'),(102,'Hotel María DB Monte Verde',102,'5557557347','monte_verde@hotelmdb.com','5'),(103,'Hotel María DB Claveles',103,'5585414296','claveles@hotelmdb.com','5'),(104,'Hotel María DB Montañas Altas',104,'5589967410','montanas_altas@hotelmdb.com','5'),(105,'Hotel María DB Laguna Azul',105,'5574431024','laguna_azul@hotelmdb.com','5'),(106,'Hotel María DB Aguas Cristalinas',106,'5598675432','aguas_cristalinas@hotelmdb.com','5'),(107,'Hotel María DB Palmeras Locas',107,'5512345678','palmeras_locas@hotelmdb.com','5'),(108,'Hotel María DB Cocos',108,'5519049913','cocos@hotelmdb.com','5'),(109,'Hotel María DB Cielo Amanecer',109,'5557804790','cielo_amanecer@hotelmdb.com','5');
/*!40000 ALTER TABLE `hoteles` ENABLE KEYS */;
UNLOCK TABLES;

--
-- Table structure for table `hoteles_promociones`
--

DROP TABLE IF EXISTS `hoteles_promociones`;
/*!40101 SET @saved_cs_client     = @@character_set_client */;
/*!50503 SET character_set_client = utf8mb4 */;
CREATE TABLE `hoteles_promociones` (
  `clave_hotel` int unsigned NOT NULL,
  `clave_promocion` int unsigned NOT NULL,
  PRIMARY KEY (`clave_hotel`,`clave_promocion`),
  KEY `FK_promocion_hoteles` (`clave_promocion`),
  CONSTRAINT `FK_hotel_promociones` FOREIGN KEY (`clave_hotel`) REFERENCES `hoteles` (`id_hotel`) ON DELETE CASCADE ON UPDATE CASCADE,
  CONSTRAINT `FK_promocion_hoteles` FOREIGN KEY (`clave_promocion`) REFERENCES `promociones` (`id_promocion`) ON DELETE CASCADE ON UPDATE CASCADE
) ENGINE=InnoDB DEFAULT CHARSET=utf8mb4 COLLATE=utf8mb4_0900_ai_ci;
/*!40101 SET character_set_client = @saved_cs_client */;

--
-- Dumping data for table `hoteles_promociones`
--

LOCK TABLES `hoteles_promociones` WRITE;
/*!40000 ALTER TABLE `hoteles_promociones` DISABLE KEYS */;
INSERT INTO `hoteles_promociones` VALUES (4,1),(8,1),(16,1),(25,1),(34,1),(44,1),(54,1),(66,1),(70,1),(72,1),(84,1),(93,1),(1,2),(6,2),(9,2),(11,2),(23,2),(31,2),(41,2),(51,2),(68,2),(75,2),(81,2),(88,2),(92,2),(2,3),(6,3),(13,3),(21,3),(32,3),(43,3),(53,3),(63,3),(77,3),(80,3),(87,3),(98,3),(7,4),(19,4),(27,4),(38,4),(48,4),(57,4),(61,4),(72,4),(79,4),(86,4),(95,4),(3,5),(9,5),(17,5),(30,5),(36,5),(46,5),(59,5),(65,5),(71,5),(89,5),(93,5),(97,5),(4,6),(10,6),(12,6),(22,6),(33,6),(42,6),(52,6),(61,6),(67,6),(74,6),(82,6),(91,6),(1,7),(10,7),(15,7),(24,7),(35,7),(45,7),(55,7),(64,7),(76,7),(83,7),(85,7),(100,7),(2,8),(3,8),(20,8),(28,8),(39,8),(49,8),(58,8),(65,8),(70,8),(80,8),(90,8),(99,8),(5,9),(7,9),(14,9),(26,9),(37,9),(47,9),(56,9),(62,9),(67,9),(73,9),(85,9),(94,9),(5,10),(8,10),(18,10),(29,10),(40,10),(50,10),(60,10),(69,10),(75,10),(78,10),(88,10),(95,10),(96,10);
/*!40000 ALTER TABLE `hoteles_promociones` ENABLE KEYS */;
UNLOCK TABLES;

--
-- Table structure for table `hoteles_servicios`
--

DROP TABLE IF EXISTS `hoteles_servicios`;
/*!40101 SET @saved_cs_client     = @@character_set_client */;
/*!50503 SET character_set_client = utf8mb4 */;
CREATE TABLE `hoteles_servicios` (
  `clave_hotel` int unsigned NOT NULL,
  `clave_servicio` int unsigned NOT NULL,
  PRIMARY KEY (`clave_hotel`,`clave_servicio`),
  KEY `FK_servicio_hoteles` (`clave_servicio`),
  CONSTRAINT `FK_hotel_servicios` FOREIGN KEY (`clave_hotel`) REFERENCES `hoteles` (`id_hotel`) ON DELETE CASCADE ON UPDATE CASCADE,
  CONSTRAINT `FK_servicio_hoteles` FOREIGN KEY (`clave_servicio`) REFERENCES `servicios` (`id_servicio`) ON UPDATE CASCADE
) ENGINE=InnoDB DEFAULT CHARSET=utf8mb4 COLLATE=utf8mb4_0900_ai_ci;
/*!40101 SET character_set_client = @saved_cs_client */;

--
-- Dumping data for table `hoteles_servicios`
--

LOCK TABLES `hoteles_servicios` WRITE;
/*!40000 ALTER TABLE `hoteles_servicios` DISABLE KEYS */;
INSERT INTO `hoteles_servicios` VALUES (2,1),(6,1),(10,1),(12,1),(16,1),(19,1),(22,1),(26,1),(30,1),(33,1),(36,1),(40,1),(43,1),(47,1),(50,1),(53,1),(57,1),(61,1),(64,1),(67,1),(70,1),(74,1),(77,1),(80,1),(83,1),(86,1),(89,1),(92,1),(95,1),(98,1),(1,2),(5,2),(8,2),(10,2),(14,2),(18,2),(21,2),(25,2),(29,2),(32,2),(35,2),(39,2),(42,2),(46,2),(49,2),(52,2),(56,2),(60,2),(63,2),(66,2),(69,2),(73,2),(76,2),(79,2),(82,2),(85,2),(88,2),(91,2),(94,2),(97,2),(100,2),(4,3),(9,3),(13,3),(17,3),(20,3),(24,3),(27,3),(31,3),(34,3),(37,3),(41,3),(44,3),(48,3),(51,3),(55,3),(58,3),(62,3),(65,3),(68,3),(72,3),(75,3),(78,3),(81,3),(84,3),(87,3),(90,3),(93,3),(96,3),(99,3),(2,4),(7,4),(11,4),(15,4),(19,4),(23,4),(28,4),(32,4),(35,4),(38,4),(42,4),(45,4),(50,4),(54,4),(59,4),(63,4),(67,4),(71,4),(77,4),(82,4),(87,4),(91,4),(95,4),(1,5),(4,5),(7,5),(10,5),(13,5),(18,5),(21,5),(25,5),(29,5),(33,5),(37,5),(40,5),(45,5),(49,5),(52,5),(55,5),(59,5),(64,5),(68,5),(72,5),(76,5),(80,5),(84,5),(88,5),(92,5),(96,5),(100,5),(3,6),(5,6),(9,6),(11,6),(14,6),(17,6),(21,6),(25,6),(28,6),(31,6),(34,6),(37,6),(41,6),(44,6),(47,6),(51,6),(55,6),(59,6),(62,6),(66,6),(70,6),(73,6),(77,6),(81,6),(85,6),(90,6),(94,6),(98,6),(1,7),(3,7),(7,7),(13,7),(17,7),(23,7),(26,7),(30,7),(34,7),(39,7),(43,7),(47,7),(54,7),(57,7),(60,7),(64,7),(69,7),(74,7),(78,7),(83,7),(87,7),(93,7),(97,7),(100,7),(101,7),(102,7),(103,7),(104,7),(105,7),(106,7),(107,7),(108,7),(109,7),(5,8),(7,8),(11,8),(16,8),(20,8),(24,8),(28,8),(31,8),(36,8),(40,8),(44,8),(48,8),(52,8),(56,8),(61,8),(65,8),(68,8),(72,8),(79,8),(85,8),(89,8),(95,8),(99,8),(6,9),(12,9),(15,9),(22,9),(27,9),(32,9),(38,9),(43,9),(48,9),(53,9),(58,9),(61,9),(66,9),(70,9),(75,9),(78,9),(83,9),(88,9),(92,9),(96,9),(4,10),(8,10),(18,10),(23,10),(27,10),(32,10),(36,10),(41,10),(46,10),(49,10),(53,10),(57,10),(63,10),(67,10),(71,10),(75,10),(80,10),(86,10),(90,10),(94,10),(98,10),(2,11),(5,11),(12,11),(20,11),(24,11),(29,11),(35,11),(42,11),(46,11),(51,11),(56,11),(62,11),(68,11),(73,11),(79,11),(84,11),(89,11),(94,11),(97,11),(4,12),(8,12),(15,12),(19,12),(26,12),(36,12),(43,12),(47,12),(53,12),(58,12),(63,12),(72,12),(76,12),(82,12),(86,12),(91,12),(96,12),(100,12),(1,13),(6,13),(9,13),(16,13),(23,13),(27,13),(33,13),(37,13),(41,13),(45,13),(50,13),(55,13),(59,13),(64,13),(69,13),(74,13),(77,13),(84,13),(89,13),(93,13),(98,13),(3,14),(14,14),(18,14),(22,14),(28,14),(33,14),(39,14),(44,14),(48,14),(54,14),(60,14),(65,14),(71,14),(75,14),(81,14),(85,14),(91,14),(95,14),(99,14),(10,15),(20,15),(26,15),(30,15),(34,15),(38,15),(45,15),(52,15),(56,15),(61,15),(67,15),(73,15),(78,15),(83,15),(89,15),(97,15),(2,16),(14,16),(21,16),(30,16),(39,16),(47,16),(61,16),(69,16),(79,16),(87,16),(92,16),(6,17),(12,17),(16,17),(22,17),(37,17),(42,17),(50,17),(58,17),(65,17),(81,17),(86,17),(95,17),(4,18),(7,18),(13,18),(20,18),(25,18),(34,18),(45,18),(59,18),(73,18),(79,18),(92,18),(99,18),(2,19),(4,19),(9,19),(16,19),(25,19),(30,19),(39,19),(54,19),(63,19),(69,19),(75,19),(82,19),(87,19),(97,19),(3,20),(10,20),(14,20),(19,20),(28,20),(35,20),(42,20),(49,20),(56,20),(65,20),(71,20),(77,20),(84,20),(93,20),(100,20);
/*!40000 ALTER TABLE `hoteles_servicios` ENABLE KEYS */;
UNLOCK TABLES;

--
-- Table structure for table `municipios`
--

DROP TABLE IF EXISTS `municipios`;
/*!40101 SET @saved_cs_client     = @@character_set_client */;
/*!50503 SET character_set_client = utf8mb4 */;
CREATE TABLE `municipios` (
  `id_municipio` char(5) NOT NULL,
  `nombre` varchar(100) NOT NULL,
  `clave_estado` char(3) NOT NULL,
  PRIMARY KEY (`id_municipio`),
  UNIQUE KEY `nombre` (`nombre`,`clave_estado`),
  KEY `FK_estado_municipios` (`clave_estado`),
  CONSTRAINT `FK_estado_municipios` FOREIGN KEY (`clave_estado`) REFERENCES `estados` (`id_estado`)
) ENGINE=InnoDB DEFAULT CHARSET=utf8mb4 COLLATE=utf8mb4_0900_ai_ci;
/*!40101 SET character_set_client = @saved_cs_client */;

--
-- Dumping data for table `municipios`
--

LOCK TABLES `municipios` WRITE;
/*!40000 ALTER TABLE `municipios` DISABLE KEYS */;
INSERT INTO `municipios` VALUES ('31001','Abalá','31'),('05001','Abasolo','05'),('11001','Abasolo','11'),('19001','Abasolo','19'),('28001','Abasolo','28'),('20001','Abejones','20'),('07001','Acacoyagua','07'),('21001','Acajete','21'),('30001','Acajete','30'),('07002','Acala','07'),('11002','Acámbaro','11'),('15001','Acambay de Ruíz Castañeda','15'),('31002','Acanceh','31'),('07003','Acapetahua','07'),('18001','Acaponeta','18'),('12001','Acapulco de Juárez','12'),('14001','Acatic','14'),('13001','Acatlán','13'),('21002','Acatlán','21'),('30002','Acatlán','30'),('14002','Acatlán de Juárez','14'),('20002','Acatlán de Pérez Figueroa','20'),('13002','Acaxochitlán','13'),('21003','Acayucan','21'),('30003','Acayucan','30'),('15002','Acolman','15'),('26001','Aconchi','26'),('13003','Actopan','13'),('21004','Actopan','21'),('30004','Actopan','30'),('16001','Acuitzio','16'),('21005','Acula','21'),('30005','Acula','30'),('15003','Aculco','15'),('05002','Acuña','05'),('13004','Agua Blanca de Iturbide','13'),('26002','Agua Prieta','26'),('19002','Agualeguas','19'),('01001','Aguascalientes','01'),('16002','Aguililla','16'),('25001','Ahome','25'),('18002','Ahuacatlán','18'),('12002','Ahuacuotzingo','12'),('24001','Ahualulco','24'),('14003','Ahualulco de Mercado','14'),('08001','Ahumada','08'),('13005','Ajacuba','13'),('12003','Ajuchitlán del Progreso','12'),('31003','Akil','31'),('26003','Álamos','26'),('24002','Alaquines','24'),('12004','Alcozauca de Guerrero','12'),('08002','Aldama','08'),('28002','Aldama','28'),('05003','Allende','05'),('08003','Allende','08'),('19004','Allende','19'),('15004','Almoloya de Alquisiras','15'),('15005','Almoloya de Juárez','15'),('12005','Alpoyeca','12'),('28003','Altamira','28'),('07004','Altamirano','07'),('26004','Altar','26'),('16003','Álvaro Obregón','16'),('14004','Amacueca','14'),('17001','Amacuzac','17'),('07005','Amatán','07'),('14005','Amatitán','14'),('18003','Amatlán de Cañas','18'),('29001','Amaxac de Guerrero','29'),('22001','Amealco de Bonfil','22'),('19005','Anáhuac','19'),('16004','Angamacutiro','16'),('16005','Angangueo','16'),('25002','Angostura','25'),('28004','Antiguo Morelos','28'),('11004','Apaseo el Alto','11'),('11005','Apaseo el Grande','11'),('29002','Apetatitlán de Antonio Carvajal','29'),('29005','Apizaco','29'),('19006','Apodaca','19'),('32001','Apozol','32'),('32002','Apulco','32'),('08004','Aquiles Serdán','08'),('24003','Aquismón','24'),('19007','Aramberi','19'),('26005','Arivechi','26'),('24004','Armadillo de los Infante','24'),('06001','Armería','06'),('22003','Arroyo Seco','22'),('05004','Arteaga','05'),('08005','Ascensión','08'),('01002','Asientos','01'),('20003','Asunción Cacalotepec','20'),('20004','Asunción Cuyotepeji','20'),('20005','Asunción Ixtaltepec','20'),('29003','Atlangatepec','29'),('17002','Atlatlahucan','17'),('29004','Atltzayanca','29'),('32003','Atolinga','32'),('17003','Axochiapan','17'),('17004','Ayala','17'),('09002','Azcapotzalco','09'),('31004','Baca','31'),('25003','Badiraguato','25'),('27001','Balancán','27'),('23005','Benito Juárez','23'),('32004','Benito Juárez','32'),('31005','Bokobá','31'),('28005','Burgos','28'),('19008','Bustamante','19'),('22004','Cadereyta de Montes','22'),('19009','Cadereyta Jiménez','19'),('32005','Calera','32'),('04001','Calkiní','04'),('01003','Calvillo','01'),('04002','Campeche','04'),('10001','Canatlán','10'),('05005','Candela','05'),('10002','Canelas','10'),('24005','Cárdenas','24'),('27002','Cárdenas','27'),('04003','Carmen','04'),('27003','Centla','27'),('27004','Centro','27'),('19011','Cerralvo','19'),('04004','Champotón','04'),('17005','Coatlán del Río','17'),('06002','Colima','06'),('22005','Colón','22'),('06003','Comala','06'),('27005','Comalcalco','27'),('03001','Comondú','03'),('18004','Compostela','18'),('25004','Concordia','25'),('10003','Coneto de Comonfort','10'),('06004','Coquimatlán','06'),('25005','Cosalá','25'),('01004','Cosío','01'),('09003','Coyoacán','09'),('23001','Cozumel','23'),('09004','Cuajimalpa de Morelos','09'),('06005','Cuauhtémoc','06'),('10004','Cuencamé','10'),('10005','Durango','10'),('19010','El Carmen','19'),('02001','Ensenada','02'),('23002','Felipe Carrillo Puerto','23'),('09005','Gustavo A. Madero','09'),('04005','Hecelchakán','04'),('18005','Huajicori','18'),('23003','Isla Mujeres','23'),('09006','Iztacalco','09'),('01005','Jesús María','01'),('03003','La Paz','03'),('03009','Loreto','03'),('19003','Los Aldamas','19'),('03008','Los Cabos','03'),('02002','Mexicali','02'),('03002','Mulegé','03'),('23004','Othón P. Blanco','23'),('22002','Pinal de Amoles','22'),('02005','Playas de Rosarito','02'),('11003','San Miguel de Allende','11'),('02003','Tecate','02'),('02004','Tijuana','02');
/*!40000 ALTER TABLE `municipios` ENABLE KEYS */;
UNLOCK TABLES;

--
-- Table structure for table `pagos`
--

DROP TABLE IF EXISTS `pagos`;
/*!40101 SET @saved_cs_client     = @@character_set_client */;
/*!50503 SET character_set_client = utf8mb4 */;
CREATE TABLE `pagos` (
  `id_pago` int unsigned NOT NULL AUTO_INCREMENT,
  `clave_reserva` int unsigned NOT NULL,
  `importe_total` decimal(7,2) NOT NULL,
  `metodo_pago` enum('Efectivo','Crédito','Débito','Cheque') NOT NULL,
  `fecha` date NOT NULL,
  `hora` time NOT NULL,
  PRIMARY KEY (`id_pago`),
  UNIQUE KEY `clave_reserva` (`clave_reserva`),
  UNIQUE KEY `clave_reserva_2` (`clave_reserva`,`importe_total`,`metodo_pago`,`fecha`,`hora`),
  CONSTRAINT `FK_reserva_pago` FOREIGN KEY (`clave_reserva`) REFERENCES `reservas` (`id_reserva`) ON UPDATE CASCADE
) ENGINE=InnoDB AUTO_INCREMENT=243 DEFAULT CHARSET=utf8mb4 COLLATE=utf8mb4_0900_ai_ci;
/*!40101 SET character_set_client = @saved_cs_client */;

--
-- Dumping data for table `pagos`
--

LOCK TABLES `pagos` WRITE;
/*!40000 ALTER TABLE `pagos` DISABLE KEYS */;
INSERT INTO `pagos` VALUES (1,1,1520.50,'Crédito','2023-01-15','10:23:45'),(2,2,1987.75,'Débito','2023-01-16','14:35:22'),(3,3,1210.00,'Efectivo','2023-01-17','09:12:33'),(4,4,1568.80,'Crédito','2023-01-18','16:45:10'),(5,5,1875.25,'Débito','2023-01-19','11:30:15'),(6,6,1320.50,'Crédito','2023-01-20','13:22:40'),(7,7,1095.00,'Efectivo','2023-01-21','18:15:05'),(8,8,1742.30,'Débito','2023-01-22','12:10:30'),(9,9,2068.90,'Crédito','2023-01-23','15:40:25'),(10,10,1275.60,'Cheque','2023-01-24','10:55:18'),(11,11,1115.75,'Débito','2023-01-25','14:20:42'),(12,12,1588.40,'Crédito','2023-01-26','09:30:10'),(13,13,1042.50,'Efectivo','2023-01-27','17:25:33'),(14,14,1230.25,'Débito','2023-01-28','11:45:20'),(15,15,1965.80,'Crédito','2023-01-29','13:15:45'),(16,16,1079.30,'Efectivo','2023-01-30','19:10:22'),(17,17,1310.75,'Débito','2023-01-31','10:30:15'),(18,18,1498.50,'Crédito','2023-02-01','14:45:30'),(19,19,1445.20,'Cheque','2023-02-02','08:20:18'),(20,20,1062.90,'Efectivo','2023-02-03','16:35:40'),(21,21,1195.40,'Débito','2023-02-04','12:25:15'),(22,22,1610.25,'Crédito','2023-02-05','15:10:22'),(23,23,1385.60,'Efectivo','2023-02-06','09:45:33'),(24,24,1270.30,'Débito','2023-02-07','17:30:10'),(25,25,1335.75,'Crédito','2023-02-08','11:15:45'),(26,26,1052.80,'Efectivo','2023-02-09','14:40:20'),(27,27,1385.90,'Débito','2023-02-10','10:20:15'),(28,28,1225.50,'Crédito','2023-02-11','13:55:30'),(29,29,1372.25,'Efectivo','2023-02-12','18:30:22'),(30,30,1155.60,'Cheque','2023-02-13','12:10:40'),(31,31,1400.25,'Crédito','2023-02-14','09:10:00'),(32,32,1875.10,'Débito','2023-02-15','10:25:15'),(33,33,1105.75,'Efectivo','2023-02-16','14:40:30'),(34,34,1234.60,'Cheque','2023-02-17','13:00:45'),(35,35,1620.80,'Crédito','2023-02-18','17:15:00'),(36,36,1789.90,'Débito','2023-02-19','12:30:15'),(37,37,1060.55,'Efectivo','2023-02-20','18:45:30'),(38,38,1980.40,'Crédito','2023-02-21','11:10:00'),(39,39,1315.25,'Débito','2023-02-22','09:25:15'),(40,40,1210.60,'Efectivo','2023-02-23','13:40:30'),(41,41,1550.00,'Cheque','2023-02-24','10:00:45'),(42,42,1702.35,'Crédito','2023-02-25','15:15:00'),(43,43,1125.75,'Débito','2023-02-26','08:30:15'),(44,44,1940.60,'Efectivo','2023-02-27','12:45:30'),(45,45,1380.90,'Crédito','2023-02-28','11:00:45'),(46,46,1495.20,'Débito','2023-03-01','14:15:00'),(47,47,1344.40,'Cheque','2023-03-02','16:30:15'),(48,48,1088.75,'Crédito','2023-03-03','09:45:30'),(49,49,1225.90,'Débito','2023-03-04','13:00:45'),(50,50,1660.25,'Efectivo','2023-03-05','17:15:00'),(51,51,1130.80,'Crédito','2023-03-06','08:30:15'),(52,52,1755.95,'Débito','2023-03-07','12:45:30'),(53,53,1090.60,'Cheque','2023-03-08','14:00:45'),(54,54,1410.50,'Efectivo','2023-03-09','09:15:00'),(55,55,1268.40,'Crédito','2023-03-10','13:30:15'),(56,56,1605.75,'Débito','2023-03-11','17:45:30'),(57,57,1032.90,'Efectivo','2023-03-12','10:00:45'),(58,58,1200.20,'Crédito','2023-03-13','11:15:00'),(59,59,1770.85,'Débito','2023-03-14','15:30:15'),(60,60,1475.10,'Efectivo','2023-03-15','08:45:30'),(61,61,1110.60,'Cheque','2023-03-16','13:00:45'),(62,62,1650.40,'Crédito','2023-03-17','16:15:00'),(63,63,1185.75,'Débito','2023-03-18','09:30:15'),(64,64,1902.50,'Efectivo','2023-03-19','12:45:30'),(65,65,1070.90,'Crédito','2023-03-20','14:00:45'),(66,66,1255.80,'Débito','2023-03-21','10:15:00'),(67,67,1535.25,'Cheque','2023-03-22','13:30:15'),(68,68,1390.40,'Efectivo','2023-03-23','17:45:30'),(69,69,1820.10,'Crédito','2023-03-24','11:00:45'),(70,70,1215.75,'Débito','2023-03-25','15:15:00'),(71,71,1378.60,'Efectivo','2023-03-26','08:30:15'),(72,72,1765.50,'Crédito','2023-03-27','12:45:30'),(73,73,1098.40,'Débito','2023-03-28','14:00:45'),(74,74,1435.80,'Cheque','2023-03-29','09:15:00'),(75,75,1045.25,'Efectivo','2023-03-30','13:30:15'),(76,76,1680.00,'Crédito','2023-03-31','17:45:30'),(77,77,1452.75,'Débito','2023-04-01','11:00:45'),(78,78,1208.20,'Efectivo','2023-04-02','15:15:00'),(79,79,1340.60,'Cheque','2023-04-03','08:30:15'),(80,80,1595.95,'Crédito','2023-04-04','12:45:30'),(81,81,1120.10,'Débito','2023-04-05','14:00:45'),(82,82,1740.75,'Efectivo','2023-04-06','09:15:00'),(83,83,1005.50,'Crédito','2023-04-07','13:30:15'),(84,84,1848.60,'Débito','2023-04-08','17:45:30'),(85,85,1065.40,'Cheque','2023-04-09','11:00:45'),(86,86,1512.30,'Efectivo','2023-04-10','15:15:00'),(87,87,1170.25,'Crédito','2023-04-11','08:30:15'),(88,88,1350.75,'Débito','2023-04-12','12:45:30'),(89,89,1602.90,'Efectivo','2023-04-13','14:00:45'),(90,90,1308.65,'Cheque','2023-04-14','09:15:00'),(91,91,1433.40,'Crédito','2023-04-15','13:30:15'),(92,92,1690.10,'Débito','2023-04-16','17:45:30'),(93,93,1198.95,'Efectivo','2023-04-17','11:00:45'),(94,94,1082.35,'Cheque','2023-04-18','15:15:00'),(95,95,1277.80,'Crédito','2023-04-19','08:30:15'),(96,96,1500.00,'Débito','2023-04-20','12:45:30'),(97,97,1049.90,'Efectivo','2023-04-21','14:00:45'),(98,98,1725.70,'Cheque','2023-04-22','09:15:00'),(99,99,1188.20,'Crédito','2023-04-23','13:30:15'),(100,100,1930.55,'Débito','2023-04-24','17:45:30'),(223,101,1850.00,'Crédito','2023-05-01','10:15:00'),(224,102,1950.00,'Crédito','2023-05-02','11:30:00'),(225,103,1750.00,'Crédito','2023-05-03','12:45:00'),(226,104,1650.00,'Crédito','2023-05-04','13:15:00'),(227,105,1550.00,'Crédito','2023-05-05','14:30:00'),(228,106,1450.00,'Crédito','2023-05-06','15:45:00'),(229,107,1350.00,'Crédito','2023-05-07','16:00:00'),(230,108,1250.00,'Crédito','2023-05-08','17:15:00'),(231,109,1150.00,'Crédito','2023-05-09','18:30:00'),(232,110,1050.00,'Crédito','2023-05-10','19:45:00'),(233,111,1850.00,'Cheque','2023-05-01','10:15:00'),(234,112,1950.00,'Cheque','2023-05-02','11:30:00'),(235,113,1750.00,'Cheque','2023-05-03','12:45:00'),(236,114,1650.00,'Cheque','2023-05-04','13:15:00'),(237,115,1550.00,'Cheque','2023-05-05','14:30:00'),(238,116,1450.00,'Cheque','2023-05-06','15:45:00'),(239,117,1350.00,'Cheque','2023-05-07','16:00:00'),(240,118,1250.00,'Efectivo','2023-05-08','17:15:00'),(241,119,1150.00,'Efectivo','2023-05-09','18:30:00'),(242,120,1050.00,'Efectivo','2023-05-10','19:45:00'),(101,223,1850.00,'Crédito','2025-07-15','14:30:00'),(102,224,1950.00,'Crédito','2025-07-16','15:45:00'),(103,225,2050.00,'Crédito','2025-07-17','16:20:00'),(104,226,1750.00,'Crédito','2025-07-18','11:15:00'),(105,227,2150.00,'Crédito','2025-07-19','12:30:00'),(106,228,2250.00,'Crédito','2025-07-20','13:45:00'),(107,229,2350.00,'Crédito','2025-07-21','14:10:00'),(108,230,2450.00,'Crédito','2025-07-22','15:25:00'),(109,231,2950.00,'Débito','2025-07-16','11:45:00'),(110,232,2750.00,'Débito','2025-07-17','12:20:00'),(111,233,2650.00,'Débito','2025-07-18','13:15:00'),(112,234,2550.00,'Débito','2025-07-19','14:30:00'),(113,236,3850.00,'Efectivo','2025-07-15','16:30:00'),(114,237,3950.00,'Efectivo','2025-07-16','17:45:00'),(115,238,3750.00,'Efectivo','2025-07-17','18:20:00'),(116,239,3650.00,'Efectivo','2025-07-18','19:15:00'),(117,240,3550.00,'Efectivo','2025-07-19','20:30:00'),(118,241,4850.00,'Cheque','2025-07-15','09:30:00'),(119,242,4950.00,'Cheque','2025-07-16','10:45:00'),(120,243,4750.00,'Cheque','2025-07-17','11:20:00'),(121,244,4650.00,'Cheque','2025-07-18','12:15:00'),(122,245,4550.00,'Cheque','2025-07-19','13:30:00'),(214,246,2128.45,'Crédito','2025-06-04','19:00:00'),(215,247,2208.65,'Crédito','2025-06-06','14:45:00'),(216,248,2123.59,'Débito','2025-06-12','16:45:00'),(217,249,1863.17,'Crédito','2025-07-09','11:15:00'),(218,250,2582.16,'Crédito','2025-06-15','22:15:00'),(219,251,2635.54,'Débito','2025-06-24','12:30:00'),(220,252,2986.73,'Crédito','2025-07-05','13:45:00'),(221,253,2085.93,'Crédito','2025-07-27','20:00:00'),(222,254,1988.48,'Efectivo','2025-06-22','20:15:00'),(123,255,2118.91,'Crédito','2025-07-16','10:15:00'),(124,256,2136.78,'Crédito','2025-07-10','10:30:00'),(125,257,2572.43,'Crédito','2025-07-19','17:15:00'),(126,258,1895.93,'Crédito','2025-07-18','16:15:00'),(127,259,2666.65,'Débito','2025-06-22','16:30:00'),(128,260,2829.16,'Crédito','2025-06-10','14:00:00'),(129,261,1912.02,'Crédito','2025-07-13','10:30:00'),(130,262,2398.88,'Efectivo','2025-06-06','13:30:00'),(131,263,2526.38,'Crédito','2025-07-13','22:30:00'),(132,264,2763.31,'Efectivo','2025-06-23','15:15:00'),(133,265,2740.30,'Débito','2025-06-23','20:15:00'),(134,266,2870.74,'Crédito','2025-07-14','12:30:00'),(135,267,2301.71,'Crédito','2025-07-04','18:00:00'),(136,268,2484.14,'Crédito','2025-07-11','13:15:00'),(137,269,2623.77,'Crédito','2025-07-29','22:30:00'),(138,270,2244.16,'Crédito','2025-07-04','17:45:00'),(139,271,1890.34,'Crédito','2025-07-16','17:15:00'),(140,272,2106.42,'Crédito','2025-06-27','18:45:00'),(141,273,2626.86,'Crédito','2025-07-06','16:45:00'),(142,274,1990.83,'Cheque','2025-06-01','14:45:00'),(143,275,2546.22,'Efectivo','2025-06-21','22:15:00'),(144,276,2197.22,'Crédito','2025-06-03','14:00:00'),(145,277,2566.56,'Débito','2025-07-27','20:00:00'),(146,278,2943.89,'Crédito','2025-07-30','10:45:00'),(147,279,2237.53,'Crédito','2025-06-09','16:45:00'),(148,280,2135.17,'Débito','2025-07-18','10:30:00'),(149,281,2981.48,'Débito','2025-07-25','13:15:00'),(150,282,2278.58,'Crédito','2025-07-31','19:15:00'),(151,283,2400.99,'Crédito','2025-06-01','11:00:00'),(152,284,1876.72,'Efectivo','2025-06-27','22:15:00'),(153,285,2512.05,'Crédito','2025-07-26','18:45:00'),(154,286,2168.29,'Crédito','2025-07-06','10:30:00'),(155,287,2292.43,'Crédito','2025-06-06','22:45:00'),(156,288,2639.43,'Crédito','2025-07-05','16:45:00'),(157,289,2248.25,'Débito','2025-06-25','10:00:00'),(158,290,1920.00,'Crédito','2025-07-18','17:30:00'),(159,291,2928.75,'Crédito','2025-07-29','21:45:00'),(160,292,1892.22,'Crédito','2025-06-22','19:30:00'),(161,293,2418.84,'Crédito','2025-06-09','22:45:00'),(162,294,2739.16,'Efectivo','2025-07-18','11:15:00'),(163,295,1937.23,'Efectivo','2025-06-13','21:15:00'),(164,296,2770.06,'Crédito','2025-06-17','16:15:00'),(165,297,1863.63,'Crédito','2025-06-03','15:30:00'),(166,298,1944.12,'Crédito','2025-06-17','13:15:00'),(167,299,2992.04,'Crédito','2025-06-17','10:45:00'),(168,300,2152.25,'Efectivo','2025-06-13','14:45:00'),(169,301,2295.52,'Crédito','2025-07-24','19:45:00'),(170,302,2392.71,'Cheque','2025-06-20','10:30:00'),(171,303,2780.10,'Crédito','2025-06-30','19:15:00'),(172,304,2265.42,'Crédito','2025-07-19','11:00:00'),(173,305,2367.41,'Débito','2025-07-07','21:00:00'),(174,306,2960.70,'Débito','2025-07-15','16:45:00'),(175,307,2989.79,'Crédito','2025-06-18','12:30:00'),(176,308,2409.65,'Crédito','2025-07-05','15:45:00'),(177,309,2011.07,'Crédito','2025-06-21','22:30:00'),(178,310,2270.30,'Crédito','2025-07-04','19:45:00'),(179,311,2725.24,'Efectivo','2025-07-24','22:00:00'),(180,312,2483.48,'Efectivo','2025-07-02','18:15:00'),(181,313,2568.36,'Efectivo','2025-07-12','10:15:00'),(182,314,2134.74,'Crédito','2025-06-06','16:30:00'),(183,315,2952.33,'Efectivo','2025-06-06','17:00:00'),(184,316,2683.32,'Crédito','2025-06-07','21:15:00'),(185,317,2560.65,'Crédito','2025-06-29','19:45:00'),(186,318,2802.43,'Débito','2025-06-17','15:30:00'),(187,319,1879.53,'Crédito','2025-06-18','13:45:00'),(188,320,1905.68,'Crédito','2025-06-06','21:30:00'),(189,321,2834.54,'Cheque','2025-06-23','21:45:00'),(190,322,2092.57,'Crédito','2025-07-09','16:15:00'),(191,323,2322.99,'Débito','2025-06-11','10:15:00'),(192,324,1813.98,'Efectivo','2025-07-25','16:45:00'),(193,325,2586.18,'Crédito','2025-06-08','15:30:00'),(194,326,2274.06,'Crédito','2025-06-22','17:30:00'),(195,327,2588.22,'Crédito','2025-06-06','17:30:00'),(196,328,2444.51,'Crédito','2025-07-25','17:45:00'),(197,329,2946.94,'Crédito','2025-06-14','16:30:00'),(198,330,2436.33,'Efectivo','2025-06-20','20:15:00'),(199,331,2544.73,'Efectivo','2025-07-01','16:45:00'),(200,332,2101.87,'Crédito','2025-06-04','13:15:00'),(201,333,2674.09,'Cheque','2025-07-01','14:00:00'),(202,334,1898.36,'Débito','2025-06-08','21:00:00'),(203,335,2430.03,'Crédito','2025-07-16','16:30:00'),(204,336,2084.03,'Crédito','2025-07-09','22:00:00'),(205,337,2649.28,'Crédito','2025-06-03','14:45:00'),(206,338,2716.01,'Crédito','2025-06-30','22:15:00'),(207,339,2977.67,'Crédito','2025-07-30','18:45:00'),(208,340,1969.80,'Crédito','2025-07-11','22:00:00'),(209,341,2477.03,'Crédito','2025-07-24','21:15:00'),(210,342,1883.07,'Débito','2025-06-17','14:30:00'),(211,343,2358.08,'Débito','2025-07-21','15:15:00'),(212,344,2169.06,'Crédito','2025-07-30','16:15:00'),(213,345,2046.19,'Crédito','2025-07-17','10:45:00');
/*!40000 ALTER TABLE `pagos` ENABLE KEYS */;
UNLOCK TABLES;

--
-- Table structure for table `paises`
--

DROP TABLE IF EXISTS `paises`;
/*!40101 SET @saved_cs_client     = @@character_set_client */;
/*!50503 SET character_set_client = utf8mb4 */;
CREATE TABLE `paises` (
  `id_pais` int unsigned NOT NULL AUTO_INCREMENT,
  `nombre` varchar(50) NOT NULL,
  PRIMARY KEY (`id_pais`),
  UNIQUE KEY `nombre` (`nombre`)
) ENGINE=InnoDB AUTO_INCREMENT=2 DEFAULT CHARSET=utf8mb4 COLLATE=utf8mb4_0900_ai_ci;
/*!40101 SET character_set_client = @saved_cs_client */;

--
-- Dumping data for table `paises`
--

LOCK TABLES `paises` WRITE;
/*!40000 ALTER TABLE `paises` DISABLE KEYS */;
INSERT INTO `paises` VALUES (1,'México');
/*!40000 ALTER TABLE `paises` ENABLE KEYS */;
UNLOCK TABLES;

--
-- Table structure for table `promociones`
--

DROP TABLE IF EXISTS `promociones`;
/*!40101 SET @saved_cs_client     = @@character_set_client */;
/*!50503 SET character_set_client = utf8mb4 */;
CREATE TABLE `promociones` (
  `id_promocion` int unsigned NOT NULL AUTO_INCREMENT,
  `descripcion` varchar(150) NOT NULL,
  `descuento` tinyint unsigned DEFAULT NULL,
  `fecha_inicio` date NOT NULL,
  `fecha_fin` date NOT NULL,
  PRIMARY KEY (`id_promocion`),
  UNIQUE KEY `descripcion` (`descripcion`,`descuento`,`fecha_inicio`,`fecha_fin`)
) ENGINE=InnoDB AUTO_INCREMENT=11 DEFAULT CHARSET=utf8mb4 COLLATE=utf8mb4_0900_ai_ci;
/*!40101 SET character_set_client = @saved_cs_client */;

--
-- Dumping data for table `promociones`
--

LOCK TABLES `promociones` WRITE;
/*!40000 ALTER TABLE `promociones` DISABLE KEYS */;
INSERT INTO `promociones` VALUES (6,'Al 10%',10,'2025-07-19','2025-11-01'),(3,'Casi 80% de descuento',79,'2025-09-13','2025-12-17'),(8,'En esta alta temporada',15,'2025-09-14','2025-12-14'),(4,'Más del 50% de descuento',62,'2025-03-19','2025-08-02'),(2,'Más descuento',74,'2025-01-08','2025-02-06'),(10,'Mejor que nada',9,'2025-04-10','2025-07-15'),(7,'Para familias mexicanas',39,'2025-07-15','2025-12-27'),(9,'Porque 30 no es suficente',31,'2025-03-25','2025-05-06'),(1,'Promoción única',14,'2025-01-01','2025-12-31'),(5,'Única promo',71,'2025-09-17','2025-12-28');
/*!40000 ALTER TABLE `promociones` ENABLE KEYS */;
UNLOCK TABLES;

--
-- Table structure for table `reservas`
--

DROP TABLE IF EXISTS `reservas`;
/*!40101 SET @saved_cs_client     = @@character_set_client */;
/*!50503 SET character_set_client = utf8mb4 */;
CREATE TABLE `reservas` (
  `id_reserva` int unsigned NOT NULL AUTO_INCREMENT,
  `clave_cliente` int unsigned NOT NULL,
  `clave_habitacion` int unsigned NOT NULL,
  `fecha_inicio` date NOT NULL,
  `fecha_termino` date NOT NULL,
  `estado_reserva` enum('Cancelada','En curso','Finalizada','No show','Confirmada') NOT NULL,
  `importe_total` decimal(7,2) NOT NULL,
  PRIMARY KEY (`id_reserva`),
  UNIQUE KEY `clave_cliente` (`clave_cliente`,`clave_habitacion`,`fecha_inicio`,`fecha_termino`,`estado_reserva`,`importe_total`),
  KEY `FK_habitacion_reservas` (`clave_habitacion`),
  CONSTRAINT `FK_cliente_reservas` FOREIGN KEY (`clave_cliente`) REFERENCES `clientes` (`id_cliente`) ON UPDATE CASCADE,
  CONSTRAINT `FK_habitacion_reservas` FOREIGN KEY (`clave_habitacion`) REFERENCES `habitaciones` (`id_habitacion`) ON UPDATE CASCADE
) ENGINE=InnoDB AUTO_INCREMENT=363 DEFAULT CHARSET=utf8mb4 COLLATE=utf8mb4_0900_ai_ci;
/*!40101 SET character_set_client = @saved_cs_client */;

--
-- Dumping data for table `reservas`
--

LOCK TABLES `reservas` WRITE;
/*!40000 ALTER TABLE `reservas` DISABLE KEYS */;
INSERT INTO `reservas` VALUES (333,1,11,'2025-06-17','2025-06-19','Confirmada',1883.07),(16,1,16,'2023-01-16','2023-01-18','Cancelada',2750.00),(332,1,31,'2025-07-24','2025-07-28','Confirmada',2477.03),(277,1,55,'2025-07-06','2025-07-08','Confirmada',2168.29),(316,1,94,'2025-06-08','2025-06-12','Confirmada',2586.18),(204,1,136,'2023-02-04','2023-02-06','Confirmada',1600.00),(165,1,143,'2023-01-22','2023-01-25','Cancelada',1610.10),(198,2,34,'2023-01-29','2023-01-31','Confirmada',1475.75),(336,2,52,'2025-07-17','2025-07-20','Confirmada',2046.19),(280,2,58,'2025-06-25','2025-06-28','Confirmada',2248.25),(63,2,63,'2023-03-04','2023-03-07','Finalizada',2200.00),(325,3,12,'2025-06-08','2025-06-13','Confirmada',1898.36),(236,3,14,'2025-07-15','2025-07-18','Confirmada',3850.00),(323,3,25,'2025-06-04','2025-06-09','Confirmada',2101.87),(269,3,47,'2025-07-30','2025-08-01','Confirmada',2943.89),(285,3,63,'2025-07-18','2025-07-23','Confirmada',2739.16),(66,3,66,'2023-03-07','2023-03-10','Cancelada',2650.00),(292,3,70,'2025-07-24','2025-07-25','Confirmada',2295.52),(299,3,77,'2025-07-05','2025-07-07','Confirmada',2409.65),(111,3,147,'2025-07-10','2025-07-13','Confirmada',2995.25),(138,3,150,'2023-01-24','2023-01-27','No show',1525.30),(328,4,3,'2025-06-03','2025-06-07','Confirmada',2649.28),(241,4,19,'2025-07-15','2025-07-18','Confirmada',4850.00),(248,4,26,'2025-07-19','2025-07-22','Confirmada',2572.43),(251,4,29,'2025-06-10','2025-06-14','Confirmada',2829.16),(281,4,59,'2025-07-18','2025-07-19','Confirmada',1920.00),(65,4,65,'2023-03-06','2023-03-09','Confirmada',1300.25),(306,4,84,'2025-06-06','2025-06-07','Confirmada',2952.33),(175,4,118,'2023-02-01','2023-02-04','Cancelada',1490.00),(223,5,1,'2025-07-15','2025-07-18','Confirmada',1850.00),(330,5,7,'2025-07-30','2025-08-02','Confirmada',2977.67),(11,5,11,'2023-01-11','2023-01-13','Cancelada',2850.00),(264,5,42,'2025-07-06','2025-07-11','Confirmada',2626.86),(288,5,66,'2025-06-03','2025-06-07','Confirmada',1863.63),(309,5,87,'2025-06-17','2025-06-19','Confirmada',2802.43),(310,5,88,'2025-06-18','2025-06-22','Confirmada',1879.53),(130,5,140,'2025-07-29','2025-08-01','Confirmada',3490.00),(206,5,142,'2023-02-06','2023-02-08','Confirmada',1540.00),(147,5,168,'2023-03-01','2023-03-04','No show',1275.75),(252,6,30,'2025-07-13','2025-07-18','Confirmada',1912.02),(262,6,40,'2025-07-16','2025-07-20','Confirmada',1890.34),(263,6,41,'2025-06-27','2025-06-30','Confirmada',2106.42),(43,6,43,'2023-02-12','2023-02-15','Finalizada',2500.00),(272,6,50,'2025-07-25','2025-07-27','Confirmada',2981.48),(289,6,67,'2025-06-17','2025-06-22','Confirmada',1944.12),(294,6,72,'2025-06-30','2025-07-05','Confirmada',2780.10),(295,6,73,'2025-07-19','2025-07-20','Confirmada',2265.42),(305,6,83,'2025-06-06','2025-06-08','Confirmada',2134.74),(162,6,138,'2023-01-19','2023-01-22','Cancelada',1245.45),(326,7,10,'2025-07-16','2025-07-21','Confirmada',2430.03),(324,7,20,'2025-07-01','2025-07-02','Confirmada',2674.09),(246,7,24,'2025-07-16','2025-07-21','Confirmada',2118.91),(27,7,27,'2023-01-27','2023-01-29','En curso',1550.50),(261,7,39,'2025-07-04','2025-07-09','Confirmada',2244.16),(133,7,66,'2023-01-04','2023-01-07','Cancelada',1320.00),(345,7,69,'2025-06-22','2025-06-26','Confirmada',1988.48),(338,7,74,'2025-06-06','2025-06-09','Confirmada',2208.65),(300,7,78,'2025-06-21','2025-06-24','Confirmada',2011.07),(335,7,85,'2025-07-30','2025-08-04','Confirmada',2169.06),(106,7,149,'2025-07-05','2025-07-08','Confirmada',2800.25),(231,8,9,'2025-07-15','2025-07-18','Confirmada',2850.00),(254,8,32,'2025-07-13','2025-07-18','Confirmada',2526.38),(258,8,36,'2025-07-04','2025-07-05','Confirmada',2301.71),(276,8,54,'2025-07-26','2025-07-29','Confirmada',2512.05),(297,8,75,'2025-07-15','2025-07-18','Confirmada',2960.70),(92,8,92,'2023-04-02','2023-04-05','En curso',1450.50),(314,8,92,'2025-06-11','2025-06-13','Confirmada',2322.99),(181,8,124,'2023-02-07','2023-02-10','No show',1300.30),(131,8,138,'2025-07-30','2025-08-02','Confirmada',2980.75),(331,9,9,'2025-07-11','2025-07-12','Confirmada',1969.80),(249,9,27,'2025-07-18','2025-07-20','Confirmada',1895.93),(45,9,45,'2023-02-14','2023-02-17','Confirmada',2250.25),(283,9,61,'2025-06-22','2025-06-23','Confirmada',1892.22),(211,9,141,'2023-02-11','2023-02-13','Confirmada',1470.00),(102,10,8,'2025-07-10','2025-07-13','Confirmada',3500.00),(237,10,15,'2025-07-16','2025-07-19','Confirmada',3950.00),(47,10,47,'2023-02-16','2023-02-19','En curso',1850.50),(282,10,60,'2025-07-29','2025-07-31','Confirmada',2928.75),(115,10,92,'2025-07-14','2025-07-17','Confirmada',3420.00),(317,10,95,'2025-06-22','2025-06-23','Confirmada',2274.06),(343,11,11,'2025-07-05','2025-07-09','Confirmada',2986.73),(242,11,20,'2025-07-16','2025-07-19','Confirmada',4950.00),(21,11,21,'2023-01-21','2023-01-23','Cancelada',1150.00),(224,12,2,'2025-07-16','2025-07-19','Confirmada',1950.00),(103,12,28,'2025-07-02','2025-07-05','Confirmada',3120.00),(340,12,29,'2025-07-09','2025-07-10','Confirmada',1863.17),(174,12,31,'2023-01-31','2023-02-03','No show',1377.77),(259,12,37,'2025-07-11','2025-07-12','Confirmada',2484.14),(266,12,44,'2025-06-21','2025-06-23','Confirmada',2546.22),(62,12,62,'2023-03-03','2023-03-06','En curso',1550.50),(290,12,68,'2025-06-17','2025-06-18','Confirmada',2992.04),(321,12,99,'2025-06-20','2025-06-21','Confirmada',2436.33),(203,12,145,'2023-02-03','2023-02-05','Confirmada',1480.00),(329,13,16,'2025-06-30','2025-07-05','Confirmada',2716.01),(250,13,28,'2025-06-22','2025-06-25','Confirmada',2666.65),(34,13,34,'2023-02-03','2023-02-06','No show',1450.75),(298,13,76,'2025-06-18','2025-06-20','Confirmada',2989.79),(304,13,82,'2025-07-12','2025-07-15','Confirmada',2568.36),(313,13,91,'2025-07-09','2025-07-14','Confirmada',2092.57),(334,14,9,'2025-07-21','2025-07-24','Confirmada',2358.08),(256,14,34,'2025-06-23','2025-06-27','Confirmada',2740.30),(54,14,54,'2023-02-23','2023-02-26','No show',2300.75),(278,14,56,'2025-06-06','2025-06-11','Confirmada',2292.43),(279,14,57,'2025-07-05','2025-07-10','Confirmada',2639.43),(337,14,63,'2025-06-04','2025-06-05','Confirmada',2128.45),(291,14,69,'2025-06-13','2025-06-15','Confirmada',2152.25),(341,14,74,'2025-06-15','2025-06-19','Confirmada',2582.16),(163,14,145,'2023-01-20','2023-01-23','No show',1520.00),(192,14,173,'2023-01-23','2023-01-25','Confirmada',1595.00),(346,15,9,'2025-10-01','2025-10-15','Confirmada',14000.00),(232,15,10,'2025-07-16','2025-07-19','Confirmada',2950.00),(134,15,24,'2023-01-08','2023-01-11','No show',1475.50),(339,15,27,'2025-06-12','2025-06-17','Confirmada',2123.59),(257,15,35,'2025-07-14','2025-07-15','Confirmada',2870.74),(36,15,36,'2023-02-05','2023-02-08','Cancelada',1250.00),(271,15,49,'2025-07-18','2025-07-19','Confirmada',2135.17),(296,15,74,'2025-07-07','2025-07-12','Confirmada',2367.41),(302,15,80,'2025-07-24','2025-07-25','Confirmada',2725.24),(357,15,98,'2025-09-07','2025-09-21','Confirmada',14000.00),(119,15,116,'2025-07-18','2025-07-21','Confirmada',3095.00),(186,15,172,'2023-01-17','2023-01-19','Confirmada',1550.30),(3,16,3,'2023-01-03','2023-01-05','Finalizada',2100.00),(347,16,9,'2025-10-16','2025-10-30','Confirmada',14000.00),(247,16,25,'2025-07-10','2025-07-15','Confirmada',2136.78),(307,16,85,'2025-06-07','2025-06-09','Confirmada',2683.32),(308,16,86,'2025-06-29','2025-07-02','Confirmada',2560.65),(312,16,90,'2025-06-23','2025-06-28','Confirmada',2834.54),(318,16,96,'2025-06-06','2025-06-08','Confirmada',2588.22),(358,16,107,'2025-09-21','2025-10-05','Confirmada',14000.00),(152,16,173,'2023-01-09','2023-01-12','No show',1540.25),(238,17,16,'2025-07-17','2025-07-20','Confirmada',3750.00),(348,17,17,'2025-10-01','2025-10-21','Confirmada',18000.00),(273,17,51,'2025-07-31','2025-08-04','Confirmada',2278.58),(286,17,64,'2025-06-13','2025-06-14','Confirmada',1937.23),(293,17,71,'2025-06-20','2025-06-22','Confirmada',2392.71),(94,17,94,'2023-04-04','2023-04-07','No show',1950.75),(319,17,97,'2025-07-25','2025-07-28','Confirmada',2444.51),(320,17,98,'2025-06-14','2025-06-17','Confirmada',2946.94),(359,17,113,'2025-10-05','2025-10-19','Confirmada',14000.00),(209,17,144,'2023-02-09','2023-02-11','Confirmada',1605.50),(146,17,172,'2023-02-25','2023-02-28','Cancelada',1590.00),(225,18,3,'2025-07-17','2025-07-20','Confirmada',2050.00),(349,18,26,'2025-10-01','2025-10-20','Confirmada',17000.00),(265,18,43,'2025-06-01','2025-06-06','Confirmada',1990.83),(197,18,44,'2023-01-28','2023-01-30','Confirmada',1410.00),(270,18,48,'2025-06-09','2025-06-11','Confirmada',2237.53),(274,18,52,'2025-06-01','2025-06-06','Confirmada',2400.99),(303,18,81,'2025-07-02','2025-07-03','Confirmada',2483.48),(84,18,84,'2023-03-25','2023-03-28','No show',2450.75),(311,18,89,'2025-06-06','2025-06-10','Confirmada',1905.68),(322,18,100,'2025-07-01','2025-07-06','Confirmada',2544.73),(360,18,124,'2025-10-19','2025-11-02','Confirmada',14000.00),(166,18,142,'2023-01-23','2023-01-26','No show',1440.00),(109,18,146,'2025-07-08','2025-07-11','Confirmada',2880.60),(243,19,21,'2025-07-17','2025-07-20','Confirmada',4750.00),(255,19,33,'2025-06-23','2025-06-26','Confirmada',2763.31),(207,19,36,'2023-02-07','2023-02-09','Confirmada',1450.00),(350,19,36,'2025-10-01','2025-10-19','Confirmada',16000.00),(260,19,38,'2025-07-29','2025-07-31','Confirmada',2623.77),(267,19,45,'2025-06-03','2025-06-07','Confirmada',2197.22),(46,19,46,'2023-02-15','2023-02-18','Cancelada',1200.00),(275,19,53,'2025-06-27','2025-06-29','Confirmada',1876.72),(287,19,65,'2025-06-17','2025-06-21','Confirmada',2770.06),(128,19,70,'2025-07-27','2025-07-30','Confirmada',2800.45),(182,19,79,'2023-02-08','2023-02-11','Cancelada',1388.88),(315,19,93,'2025-07-25','2025-07-26','Confirmada',1813.98),(361,19,132,'2025-11-02','2025-11-16','Confirmada',14000.00),(327,20,4,'2025-07-09','2025-07-10','Confirmada',2084.03),(344,20,14,'2025-07-27','2025-07-29','Confirmada',2085.93),(172,20,21,'2023-01-29','2023-02-01','Cancelada',1345.25),(253,20,31,'2025-06-06','2025-06-09','Confirmada',2398.88),(342,20,41,'2025-06-24','2025-06-26','Confirmada',2635.54),(351,20,43,'2025-10-01','2025-10-18','Confirmada',15500.00),(268,20,46,'2025-07-27','2025-07-30','Confirmada',2566.56),(55,20,55,'2023-02-24','2023-02-27','Confirmada',1400.25),(284,20,62,'2025-06-09','2025-06-11','Confirmada',2418.84),(301,20,79,'2025-07-04','2025-07-09','Confirmada',2270.30),(219,20,120,'2023-02-20','2023-02-22','Confirmada',1520.50),(362,20,141,'2025-11-16','2025-11-30','Confirmada',14000.00),(352,21,49,'2025-10-01','2025-10-21','Confirmada',18000.00),(69,21,69,'2023-03-10','2023-03-13','No show',1450.75),(122,21,117,'2025-07-21','2025-07-24','Confirmada',2960.25),(2,22,2,'2023-01-02','2023-01-04','En curso',1875.50),(226,22,4,'2025-07-18','2025-07-21','Confirmada',1750.00),(353,22,57,'2025-10-01','2025-10-21','Confirmada',18000.00),(151,22,171,'2023-01-06','2023-01-09','Cancelada',1466.60),(191,22,171,'2023-01-22','2023-01-24','Confirmada',1645.00),(233,23,11,'2025-07-17','2025-07-20','Confirmada',2750.00),(135,23,39,'2023-01-12','2023-01-15','Cancelada',1580.75),(61,23,61,'2023-03-02','2023-03-05','Cancelada',2850.00),(354,23,63,'2025-10-01','2025-10-21','Confirmada',18000.00),(108,23,150,'2025-07-07','2025-07-10','Confirmada',2750.90),(239,24,17,'2025-07-18','2025-07-21','Confirmada',3650.00),(52,24,52,'2023-02-21','2023-02-24','En curso',2450.50),(355,24,72,'2025-10-01','2025-10-20','Confirmada',17000.00),(178,24,125,'2023-02-04','2023-02-07','Cancelada',1485.00),(356,25,77,'2025-10-01','2025-10-22','Confirmada',18500.00),(79,25,79,'2023-03-20','2023-03-23','No show',2000.75),(188,25,170,'2023-01-19','2023-01-21','Confirmada',1330.00),(7,26,7,'2023-01-07','2023-01-09','En curso',2250.50),(244,26,22,'2025-07-18','2025-07-21','Confirmada',4650.00),(217,26,119,'2023-02-17','2023-02-19','Confirmada',1470.00),(169,26,144,'2023-01-26','2023-01-29','Cancelada',1650.00),(9,27,9,'2023-01-09','2023-01-11','No show',2450.75),(116,27,58,'2025-07-15','2025-07-18','Confirmada',2789.35),(13,28,13,'2023-01-13','2023-01-15','Finalizada',2600.00),(218,28,122,'2023-02-19','2023-02-21','Confirmada',1333.00),(141,28,147,'2023-02-05','2023-02-08','No show',1485.00),(234,29,12,'2025-07-18','2025-07-21','Confirmada',2650.00),(24,29,24,'2023-01-24','2023-01-26','No show',2050.75),(158,29,34,'2023-01-15','2023-01-18','Cancelada',1444.00),(227,30,5,'2025-07-19','2025-07-22','Confirmada',2150.00),(93,30,93,'2023-04-03','2023-04-06','Finalizada',2300.00),(168,30,139,'2023-01-25','2023-01-28','No show',1399.99),(183,30,151,'2023-01-14','2023-01-16','Confirmada',1620.00),(113,30,151,'2025-07-12','2025-07-15','Confirmada',3015.00),(240,31,18,'2025-07-19','2025-07-22','Confirmada',3550.00),(86,31,86,'2023-03-27','2023-03-30','Cancelada',2700.00),(76,32,76,'2023-03-17','2023-03-20','Cancelada',2900.00),(142,32,148,'2023-02-09','2023-02-12','Cancelada',1620.10),(245,33,23,'2025-07-19','2025-07-22','Confirmada',4550.00),(104,33,24,'2025-07-03','2025-07-06','Confirmada',2950.50),(32,33,32,'2023-02-01','2023-02-04','En curso',2350.50),(213,33,121,'2023-02-13','2023-02-15','Confirmada',1300.00),(1,34,1,'2023-01-01','2023-01-03','Cancelada',1250.00),(187,34,168,'2023-01-18','2023-01-20','Confirmada',1680.00),(228,35,6,'2025-07-20','2025-07-23','Confirmada',2250.00),(222,35,16,'2023-02-23','2023-02-25','Confirmada',1390.00),(157,35,44,'2023-01-14','2023-01-17','No show',1288.88),(74,35,74,'2023-03-15','2023-03-18','No show',1650.75),(235,36,13,'2025-07-19','2025-07-22','Confirmada',2550.00),(35,36,35,'2023-02-04','2023-02-07','Confirmada',2700.25),(127,36,53,'2025-07-26','2025-07-29','Confirmada',3100.00),(199,36,71,'2023-01-30','2023-02-01','Confirmada',1520.00),(176,36,123,'2023-02-02','2023-02-05','Cancelada',1395.00),(56,37,56,'2023-02-25','2023-02-28','Cancelada',2750.00),(40,38,40,'2023-02-09','2023-02-12','Confirmada',1100.25),(123,38,112,'2025-07-22','2025-07-25','Confirmada',2830.10),(220,38,124,'2023-02-21','2023-02-23','Confirmada',1500.00),(136,38,149,'2023-01-16','2023-01-19','No show',1695.20),(87,39,87,'2023-03-28','2023-03-31','En curso',1250.50),(77,40,77,'2023-03-18','2023-03-21','En curso',1350.50),(150,40,169,'2023-01-03','2023-01-06','No show',1200.00),(25,41,25,'2023-01-25','2023-01-27','Confirmada',1300.25),(173,41,121,'2023-01-30','2023-02-02','Cancelada',1321.00),(229,42,7,'2025-07-21','2025-07-24','Confirmada',2350.00),(120,42,10,'2025-07-19','2025-07-22','Confirmada',2750.00),(81,42,81,'2023-03-22','2023-03-25','Cancelada',1050.00),(12,43,12,'2023-01-12','2023-01-14','En curso',1500.50),(221,43,79,'2023-02-22','2023-02-24','Confirmada',1445.00),(4,44,4,'2023-01-04','2023-01-06','No show',1600.75),(137,44,6,'2023-01-20','2023-01-23','Cancelada',1410.00),(184,44,152,'2023-01-15','2023-01-17','Confirmada',1375.00),(105,45,39,'2025-07-04','2025-07-07','Confirmada',3100.75),(88,45,88,'2023-03-29','2023-04-01','Finalizada',2100.00),(14,46,14,'2023-01-14','2023-01-16','No show',1950.75),(230,47,8,'2025-07-22','2025-07-25','Confirmada',2450.00),(37,47,37,'2023-02-06','2023-02-09','En curso',2150.50),(167,48,36,'2023-01-24','2023-01-27','Cancelada',1588.88),(39,48,39,'2023-02-08','2023-02-11','No show',1650.75),(145,49,49,'2023-02-21','2023-02-24','No show',1444.44),(91,49,91,'2023-04-01','2023-04-04','Cancelada',2950.00),(114,49,152,'2025-07-13','2025-07-16','Confirmada',2805.40),(89,50,89,'2023-03-30','2023-04-02','No show',1750.75),(82,51,82,'2023-03-23','2023-03-26','En curso',2350.50),(139,51,146,'2023-01-28','2023-01-31','Cancelada',1380.90),(6,52,6,'2023-01-06','2023-01-08','Cancelada',1350.00),(19,53,19,'2023-01-19','2023-01-21','No show',1400.75),(49,54,49,'2023-02-18','2023-02-21','No show',1500.75),(83,55,83,'2023-03-24','2023-03-27','Finalizada',1800.00),(179,55,122,'2023-02-05','2023-02-08','No show',1500.00),(202,55,138,'2023-02-02','2023-02-04','Confirmada',1590.00),(107,56,6,'2025-07-06','2025-07-09','Confirmada',3300.00),(189,56,51,'2023-01-20','2023-01-22','Confirmada',1405.50),(64,56,64,'2023-03-05','2023-03-08','No show',1850.75),(75,57,75,'2023-03-16','2023-03-19','Confirmada',1100.25),(154,58,19,'2023-01-11','2023-01-14','Cancelada',1250.00),(50,58,50,'2023-02-19','2023-02-22','Confirmada',2050.25),(8,59,8,'2023-01-08','2023-01-10','Finalizada',1750.00),(124,59,111,'2025-07-23','2025-07-26','Confirmada',3135.45),(48,60,48,'2023-02-17','2023-02-20','Finalizada',2600.00),(196,60,54,'2023-01-27','2023-01-29','Confirmada',1355.00),(180,60,120,'2023-02-06','2023-02-09','Cancelada',1460.00),(58,61,58,'2023-02-27','2023-03-02','Finalizada',2100.00),(140,61,153,'2023-02-01','2023-02-04','Cancelada',1299.99),(29,62,29,'2023-01-29','2023-01-31','No show',1700.75),(210,62,137,'2023-02-10','2023-02-12','Confirmada',1385.00),(70,63,70,'2023-03-11','2023-03-14','Confirmada',2150.25),(148,63,170,'2023-03-02','2023-03-05','Cancelada',1360.00),(215,64,118,'2023-02-15','2023-02-17','Confirmada',1400.00),(112,64,148,'2025-07-11','2025-07-14','Confirmada',3220.75),(68,65,68,'2023-03-09','2023-03-12','Finalizada',2400.00),(71,65,71,'2023-03-12','2023-03-15','Cancelada',1200.00),(155,66,56,'2023-01-12','2023-01-15','No show',1390.90),(97,66,97,'2023-04-07','2023-04-10','En curso',1650.50),(22,67,22,'2023-01-22','2023-01-24','En curso',2650.50),(117,67,115,'2025-07-16','2025-07-19','Confirmada',3150.55),(5,68,5,'2023-01-05','2023-01-07','Confirmada',2950.25),(194,68,19,'2023-01-25','2023-01-27','Confirmada',1399.99),(57,69,57,'2023-02-26','2023-03-01','En curso',1950.50),(73,70,73,'2023-03-14','2023-03-17','Finalizada',1900.00),(216,70,123,'2023-02-16','2023-02-18','Confirmada',1390.00),(164,70,136,'2023-01-21','2023-01-24','Cancelada',1355.55),(132,70,145,'2025-07-31','2025-08-03','Confirmada',3050.90),(59,71,59,'2023-02-28','2023-03-03','No show',1600.75),(17,72,17,'2023-01-17','2023-01-19','En curso',1650.50),(41,73,41,'2023-02-10','2023-02-13','Cancelada',2800.00),(99,74,99,'2023-04-09','2023-04-12','No show',1550.75),(208,74,139,'2023-02-08','2023-02-10','Confirmada',1515.00),(30,75,30,'2023-01-30','2023-02-02','Confirmada',2400.25),(125,75,114,'2025-07-24','2025-07-27','Confirmada',3210.20),(143,75,151,'2023-02-13','2023-02-16','No show',1330.00),(10,76,10,'2023-01-10','2023-01-12','Confirmada',1100.25),(159,77,71,'2023-01-16','2023-01-19','Cancelada',1500.00),(78,77,78,'2023-03-19','2023-03-22','Finalizada',2250.00),(200,77,84,'2023-01-31','2023-02-02','Confirmada',1465.25),(33,78,33,'2023-02-02','2023-02-05','Finalizada',1900.00),(80,79,80,'2023-03-21','2023-03-24','Confirmada',1500.25),(85,80,85,'2023-03-26','2023-03-29','Confirmada',1600.25),(23,81,23,'2023-01-23','2023-01-25','Finalizada',1800.00),(149,81,51,'2023-03-03','2023-03-06','Cancelada',1490.30),(121,81,110,'2025-07-20','2025-07-23','Confirmada',3275.90),(98,82,98,'2023-04-08','2023-04-11','Finalizada',2200.00),(44,83,44,'2023-02-13','2023-02-16','No show',1350.75),(185,83,49,'2023-01-16','2023-01-18','Confirmada',1460.75),(53,84,53,'2023-02-22','2023-02-25','Finalizada',1700.00),(72,85,72,'2023-03-13','2023-03-16','En curso',2550.50),(193,85,99,'2023-01-24','2023-01-26','Confirmada',1440.00),(171,85,141,'2023-01-28','2023-01-31','No show',1555.55),(212,86,21,'2023-02-12','2023-02-14','Confirmada',1495.95),(67,86,67,'2023-03-08','2023-03-11','En curso',1750.50),(38,87,38,'2023-02-07','2023-02-10','Finalizada',2000.00),(160,87,84,'2023-01-17','2023-01-20','No show',1475.20),(20,88,20,'2023-01-20','2023-01-22','Confirmada',2550.25),(195,88,56,'2023-01-26','2023-01-28','Confirmada',1500.00),(96,89,96,'2023-04-06','2023-04-09','Cancelada',2500.00),(177,89,119,'2023-02-03','2023-02-06','No show',1290.90),(205,89,143,'2023-02-05','2023-02-07','Confirmada',1420.00),(110,89,153,'2025-07-09','2025-07-12','Confirmada',3050.45),(100,90,100,'2023-04-10','2023-04-13','Confirmada',1850.25),(101,90,100,'2025-07-10','2025-07-13','Confirmada',2850.25),(118,90,109,'2025-07-17','2025-07-20','Confirmada',2900.80),(144,90,152,'2023-02-17','2023-02-20','Cancelada',1399.95),(31,91,31,'2023-01-31','2023-02-03','Cancelada',1050.00),(156,91,54,'2023-01-13','2023-01-16','Cancelada',1533.30),(126,91,113,'2025-07-25','2025-07-28','Confirmada',3005.60),(95,92,95,'2023-04-05','2023-04-08','Confirmada',1100.25),(28,93,28,'2023-01-28','2023-01-30','Finalizada',2200.00),(153,93,99,'2023-01-10','2023-01-13','Cancelada',1377.77),(42,94,42,'2023-02-11','2023-02-14','En curso',1750.50),(18,95,18,'2023-01-18','2023-01-20','Finalizada',2300.00),(190,95,169,'2023-01-21','2023-01-23','Confirmada',1580.00),(51,96,51,'2023-02-20','2023-02-23','Cancelada',1150.00),(170,96,137,'2023-01-27','2023-01-30','Cancelada',1499.95),(60,97,60,'2023-03-01','2023-03-04','Confirmada',1250.25),(201,97,140,'2023-02-01','2023-02-03','Confirmada',1320.00),(15,98,15,'2023-01-15','2023-01-17','Confirmada',1200.25),(129,99,17,'2025-07-28','2025-07-31','Confirmada',3325.80),(26,99,26,'2023-01-26','2023-01-28','Cancelada',2900.00),(214,99,31,'2023-02-14','2023-02-16','Confirmada',1355.50),(161,99,140,'2023-01-18','2023-01-21','Cancelada',1313.13),(90,100,90,'2023-03-31','2023-04-03','Confirmada',1300.25);
/*!40000 ALTER TABLE `reservas` ENABLE KEYS */;
UNLOCK TABLES;

--
-- Table structure for table `servicios`
--

DROP TABLE IF EXISTS `servicios`;
/*!40101 SET @saved_cs_client     = @@character_set_client */;
/*!50503 SET character_set_client = utf8mb4 */;
CREATE TABLE `servicios` (
  `id_servicio` int unsigned NOT NULL AUTO_INCREMENT,
  `nombre` varchar(30) NOT NULL,
  `descripcion` varchar(100) DEFAULT NULL,
  PRIMARY KEY (`id_servicio`),
  UNIQUE KEY `nombre` (`nombre`)
) ENGINE=InnoDB AUTO_INCREMENT=21 DEFAULT CHARSET=utf8mb4 COLLATE=utf8mb4_0900_ai_ci;
/*!40101 SET character_set_client = @saved_cs_client */;

--
-- Dumping data for table `servicios`
--

LOCK TABLES `servicios` WRITE;
/*!40000 ALTER TABLE `servicios` DISABLE KEYS */;
INSERT INTO `servicios` VALUES (1,'Recepción 24 horas','Atención y asistencia al huésped las 24 horas del día'),(2,'Wi-Fi gratuito','Acceso a internet inalámbrico en habitaciones y áreas comunes'),(3,'Limpieza diaria','Servicio de limpieza diario en la habitación'),(4,'Desayuno buffet','Desayuno tipo buffet incluido con la estancia'),(5,'Servicio a la habitación','Entrega de alimentos y bebidas en la habitación'),(6,'Piscina exterior','Piscina al aire libre disponible para todos los huéspedes'),(7,'Gimnasio','Área equipada para ejercicios y entrenamiento físico'),(8,'Spa','Servicios de relajación como masajes y tratamientos faciales'),(9,'Centro de negocios','Espacio con computadoras, impresoras y acceso a internet'),(10,'Salas de conferencias','Salones para reuniones empresariales o eventos'),(11,'Estacionamiento gratuito','Espacio para estacionar vehículos sin costo'),(12,'Traslado al aeropuerto','Servicio de transporte desde y hacia el aeropuerto'),(13,'Lavandería','Servicio de lavado y planchado de ropa'),(14,'Guardaequipaje','Resguardo de equipaje antes del check-in o después del check-out'),(15,'Cafetería','Área con venta de café, bebidas y bocadillos'),(16,'Bar','Bar con variedad de bebidas y cocteles'),(17,'Acepta mascotas','Se permite el alojamiento con mascotas'),(18,'Actividades recreativas','Organización de actividades dentro o fuera del hotel'),(19,'Cambio de divisas','Servicio de cambio de monedas extranjeras'),(20,'Niñera','Cuidado de niños bajo solicitud y con costo adicional');
/*!40000 ALTER TABLE `servicios` ENABLE KEYS */;
UNLOCK TABLES;

--
-- Table structure for table `tipo_habitacion`
--

DROP TABLE IF EXISTS `tipo_habitacion`;
/*!40101 SET @saved_cs_client     = @@character_set_client */;
/*!50503 SET character_set_client = utf8mb4 */;
CREATE TABLE `tipo_habitacion` (
  `id_tipo` int unsigned NOT NULL AUTO_INCREMENT,
  `tipo` enum('Individual','Doble','Triple','Quad','Suite','Deluxe','Presidencial','Ejecutiva','Familiar','Suite Nupcial','Suite Real','Business Class','Penthouse') NOT NULL,
  `capacidad` tinyint unsigned NOT NULL,
  `amenidades` varchar(150) DEFAULT NULL,
  PRIMARY KEY (`id_tipo`),
  UNIQUE KEY `tipo` (`tipo`)
) ENGINE=InnoDB AUTO_INCREMENT=14 DEFAULT CHARSET=utf8mb4 COLLATE=utf8mb4_0900_ai_ci;
/*!40101 SET character_set_client = @saved_cs_client */;

--
-- Dumping data for table `tipo_habitacion`
--

LOCK TABLES `tipo_habitacion` WRITE;
/*!40000 ALTER TABLE `tipo_habitacion` DISABLE KEYS */;
INSERT INTO `tipo_habitacion` VALUES (1,'Individual',2,'Balcón, minibar, aire acondicionado, TV, Wi-Fi'),(2,'Doble',4,'Balcón, minibar, aire acondicionado, TV, Wi-Fi'),(3,'Triple',6,'Wi-Fi, aire acondicionado, caja fuerte, escritorio, baño privado'),(4,'Quad',4,'TV por cable, mini bar, escritorio, baño con tina, aire acondicionado'),(5,'Suite',2,'Wi-Fi, TV pantalla plana, aire acondicionado, cafetera, caja fuerte, baño con jacuzzi'),(6,'Deluxe',6,'Aire acondicionado, TV inteligente, Wi-Fi de alta velocidad, caja fuerte'),(7,'Presidencial',10,'Balcón privado, Wi-Fi, servicio a la habitación, caja fuerte, secadora de cabello, TV inteligente'),(8,'Ejecutiva',8,'Wi-Fi, TV pantalla plana, aire acondicionado, cafetera, servicio a la habitación, baño de lujo'),(9,'Familiar',5,'Aire acondicionado, TV por cable, servicio a la habitación, Wi-Fi, terraza'),(10,'Suite Nupcial',2,'Baño con jacuzzi, cama king size, servicio a la habitación, desayuno incluido, decoración romántica, TV, Wi-Fi'),(11,'Suite Real',6,'Servicio a la habitación, mayordomo, sala de estar privada, minibar premium'),(12,'Business Class',2,'Escritorio ejecutivo, servicio a la habitación, acceso a sala de reuniones, Wi-Fi'),(13,'Penthouse',8,'Terraza, servicio a la habitación, minibar, cocineta, TV, Wi-Fi, baño con jacuzzi');
/*!40000 ALTER TABLE `tipo_habitacion` ENABLE KEYS */;
UNLOCK TABLES;

--
-- Table structure for table `usuarios`
--

DROP TABLE IF EXISTS `usuarios`;
/*!40101 SET @saved_cs_client     = @@character_set_client */;
/*!50503 SET character_set_client = utf8mb4 */;
CREATE TABLE `usuarios` (
  `id_usuario` int unsigned NOT NULL AUTO_INCREMENT,
  `nombre` varchar(30) DEFAULT NULL,
  `contrasena` varchar(16) DEFAULT NULL,
  PRIMARY KEY (`id_usuario`),
  UNIQUE KEY `nombre` (`nombre`)
) ENGINE=InnoDB AUTO_INCREMENT=101 DEFAULT CHARSET=utf8mb4 COLLATE=utf8mb4_0900_ai_ci;
/*!40101 SET character_set_client = @saved_cs_client */;

--
-- Dumping data for table `usuarios`
--

LOCK TABLES `usuarios` WRITE;
/*!40000 ALTER TABLE `usuarios` DISABLE KEYS */;
INSERT INTO `usuarios` VALUES (1,'Jonah','%B4622701'),(2,'Ifeoma','%B9356897'),(3,'Neil','%B7256166'),(4,'Ivor','%B8317327'),(5,'Emma','%B2137466'),(6,'Daquan','%B5679683'),(7,'Vanna','%B7449644'),(8,'Chancellor','%B3459287'),(9,'Otto','%B6028875'),(10,'Kennan','%B7648641'),(11,'Serina','%B2259471'),(12,'Aspen','%B8378271'),(13,'Lucius','%B4644470'),(14,'Audra','%B7951351'),(15,'Michelle','%B7722561'),(16,'Cameron','%B9073389'),(17,'Jackson','%B6475794'),(18,'Kameko','%B4624184'),(19,'Indigo','%B5381169'),(20,'Quail','%B3580526'),(21,'Adrienne','%B5176685'),(22,'Harper','%B3689153'),(23,'Desirae','%B1518542'),(24,'Shellie','%B8018371'),(25,'Josiah','%B8244718'),(26,'Grady','%B5239504'),(27,'Micah','%B7475578'),(28,'Carter','%B7173562'),(29,'Louis','%B5199593'),(30,'Logan','%B9727111'),(31,'Nichole','%B9757778'),(32,'Ivana','%B3213275'),(33,'Remedios','%B8787185'),(34,'Rogan','%B1597728'),(35,'Laura','%B9016777'),(36,'Nigel','%B7683572'),(37,'Jameson','%B5183442'),(38,'Cain','%B5265121'),(39,'Alden','%B3379532'),(40,'Lewis','%B1117194'),(41,'Brock','%B2485301'),(42,'Gavin','%B5316270'),(43,'Harding','%B4736790'),(44,'Herman','%B5004818'),(45,'Ciara','%B5351726'),(46,'Finn','%B8795715'),(47,'Forrest','%B2296290'),(48,'Nora','%B8956555'),(49,'Cassady','%B2127807'),(50,'Mannix','%B7432786'),(51,'Lael','%B1555358'),(52,'Erin','%B5005321'),(53,'Hilary','%B5778966'),(54,'Farrah','%B8963823'),(55,'Heidi','%B5315284'),(56,'Kessie','%B7444859'),(57,'Malcolm','%B7529055'),(58,'Kelly','%B2578174'),(59,'Evangeline','%B1368347'),(60,'Bernard','%B7186183'),(61,'Elijah','%B3842858'),(62,'Jana','%B7426895'),(63,'Alexander','%B2656528'),(64,'Ariel','%B6341766'),(65,'Thane','%B3571408'),(66,'Cecilia','%B5678135'),(67,'Erich','%B4858450'),(68,'Damian','%B5688253'),(69,'Suki','%B2494577'),(70,'Skyler','%B2141166'),(71,'Brody','%B6093891'),(72,'Mechelle','%B8177721'),(73,'Josephine','%B1878544'),(74,'Keane','%B4168335'),(75,'Sylvia','%B2438445'),(76,'Mauro','%B2804312'),(77,'Margaret','%B6315712'),(78,'Evelyn','%B4368739'),(79,'Brian','%B9215341'),(80,'Sebastian','%B6198726'),(81,'Luke','%B4698537'),(82,'Astra','%B2364835'),(83,'Amir','%B3339166'),(84,'Fletcher','%B8738367'),(85,'Mara','%B4868689'),(86,'Elvis','%B2188137'),(87,'Ashton','%B5315910'),(88,'Maile','%B1525651'),(89,'Deacon','%B7785370'),(90,'Malik','%B5315844'),(91,'Derek','%B5483190'),(92,'Eagan','%B4656945'),(93,'Unity','%B7484353'),(94,'Wanda','%B5452635'),(95,'Iris','%B2405823'),(96,'Amal','%B5215007'),(97,'Ulysses','%B8472515'),(98,'Grant','%B4085749'),(99,'Branden','%B6443122'),(100,'Caryn','%B7878671');
/*!40000 ALTER TABLE `usuarios` ENABLE KEYS */;
UNLOCK TABLES;
/*!40103 SET TIME_ZONE=@OLD_TIME_ZONE */;

/*!40101 SET SQL_MODE=@OLD_SQL_MODE */;
/*!40014 SET FOREIGN_KEY_CHECKS=@OLD_FOREIGN_KEY_CHECKS */;
/*!40014 SET UNIQUE_CHECKS=@OLD_UNIQUE_CHECKS */;
/*!40101 SET CHARACTER_SET_CLIENT=@OLD_CHARACTER_SET_CLIENT */;
/*!40101 SET CHARACTER_SET_RESULTS=@OLD_CHARACTER_SET_RESULTS */;
/*!40101 SET COLLATION_CONNECTION=@OLD_COLLATION_CONNECTION */;
/*!40111 SET SQL_NOTES=@OLD_SQL_NOTES */;

-- Dump completed on 2025-05-22 21:54:07
